$City of Spokane WWTP Outflow, m3/s, 01/01/2001 to 12/31/2001,
,
Jday,Q
1,1.508
2.5,1.582
3.5,1.552
4.5,1.545
5.5,1.593
6.5,1.561
7.5,1.594
8.5,1.573
9.5,1.543
10.5,1.505
11.5,1.497
12.5,1.447
13.5,1.564
14.5,1.509
15.5,1.556
16.5,1.535
17.5,1.46
18.5,1.5
19.5,1.583
20.5,1.625
21.5,1.681
22.5,1.609
23.5,1.528
24.5,1.463
25.5,1.499
26.5,1.542
27.5,1.557
28.5,1.551
29.5,1.639
30.5,1.662
31.5,1.635
32.5,1.65
33.5,1.759
34.5,1.581
35.5,1.639
36.5,1.76
37.5,1.669
38.5,1.616
39.5,1.606
40.5,1.577
41.5,1.596
42.5,1.624
43.5,1.602
44.5,1.558
45.5,1.537
46.5,1.663
47.5,1.481
48.5,1.566
49.5,1.604
50.5,1.641
51.5,1.573
52.5,1.628
53.5,1.867
54.5,1.729
55.5,1.778
56.5,1.985
57.5,1.989
58.5,1.96
59.5,1.924
60.5,1.605
61.5,1.947
62.5,1.614
63.5,1.65
64.5,1.68
65.5,1.693
66.5,1.696
67.5,1.924
68.5,1.811
69.5,1.734
70.5,1.773
71.5,1.733
72.5,1.74
73.5,1.73
74.5,1.806
75.5,1.756
76.5,1.69
77.5,1.792
78.5,1.697
79.5,1.681
80.5,1.674
81.5,1.668
82.5,1.603
83.5,1.613
84.5,2.016
85.5,1.663
86.5,1.817
87.5,1.676
88.5,1.617
89.5,1.567
90.5,1.584
91.5,1.566
92.5,1.585
93.5,1.699
94.5,1.608
95.5,1.543
96.5,1.721
97.5,1.584
98.5,1.648
99.5,1.609
100.5,1.602
101.5,1.672
102.5,1.597
103.5,1.624
104.5,1.605
105.5,1.49
106.5,1.581
107.5,1.57
108.5,1.627
109.5,1.591
110.5,1.552
111.5,1.49
112.5,1.577
113.5,1.588
114.5,1.578
115.5,1.58
116.5,1.568
117.5,1.838
118.5,1.817
119.5,1.6
120.5,2.22
121.5,1.618
122.5,1.649
123.5,1.591
124.5,1.578
125.5,1.687
126.5,1.66
127.5,1.671
128.5,1.657
129.5,1.627
130.5,1.629
131.5,1.719
132.5,1.617
133.5,1.613
134.5,2.027
135.5,1.905
136.5,1.693
137.5,1.635
138.5,1.654
139.5,1.556
140.5,1.578
141.5,1.687
142.5,1.669
143.5,1.636
144.5,1.694
145.5,1.691
146.5,1.53
147.5,1.466
148.5,1.602
149.5,1.684
150.5,1.632
151.5,1.651
152.5,1.697
153.5,1.631
154.5,1.731
155.5,1.726
156.5,1.676
157.5,1.724
158.5,1.618
159.5,1.692
160.5,1.619
161.5,1.604
162.5,1.676
163.5,1.733
164.5,1.581
165.5,1.634
166.5,1.701
167.5,1.568
168.5,1.557
169.5,1.645
170.5,1.634
171.5,1.588
172.5,1.635
173.5,1.634
174.5,1.534
175.5,1.58
176.5,1.629
177.5,1.602
178.5,1.79
179.5,1.698
180.5,1.64
181.5,1.467
182.5,1.558
183.5,1.607
184.5,1.577
185.5,1.423
186.5,1.546
187.5,1.536
188.5,1.504
189.5,1.505
190.5,1.585
191.5,1.611
192.5,1.68
193.5,1.629
194.5,1.59
195.5,1.592
196.5,1.62
197.5,1.789
198.5,1.656
199.5,1.644
200.5,1.667
201.5,1.611
202.5,1.622
203.5,1.593
204.5,1.68
205.5,1.655
206.5,1.645
207.5,1.666
208.5,1.608
209.5,1.567
210.5,1.618
211.5,1.656
212.5,1.639
213.5,1.641
214.5,1.647
215.5,1.609
216.5,1.606
217.5,1.607
218.5,1.655
219.5,1.655
220.5,1.662
221.5,1.678
222.5,1.646
223.5,1.596
224.5,1.564
225.5,1.684
226.5,1.697
227.5,1.686
228.5,1.681
229.5,1.635
230.5,1.617
231.5,1.642
232.5,1.711
233.5,1.694
234.5,1.669
235.5,1.685
236.5,1.658
237.5,1.665
238.5,1.59
239.5,1.727
240.5,1.684
241.5,1.645
242.5,1.689
243.5,1.702
244.5,1.552
245.5,1.489
246.5,1.595
247.5,1.659
248.5,1.624
249.5,1.649
250.5,1.637
251.5,1.594
252.5,1.604
253.5,1.64
254.5,1.577
255.5,1.558
256.5,1.594
257.5,1.606
258.5,1.536
259.5,1.561
260.5,1.628
261.5,1.62
262.5,1.594
263.5,1.589
264.5,1.62
265.5,1.568
266.5,1.551
267.5,1.612
268.5,1.671
269.5,1.586
270.5,1.617
271.5,1.581
272.5,1.555
273.5,1.558
274.5,1.602
275.5,1.557
276.5,1.594
277.5,1.513
278.5,1.57
279.5,1.519
280.5,1.517
281.5,1.57
282.5,1.514
283.5,1.609
284.5,1.519
285.5,1.822
286.5,1.484
287.5,1.551
288.5,1.551
289.5,1.506
290.5,1.466
291.5,1.488
292.5,1.498
293.5,1.423
294.5,1.729
295.5,1.707
296.5,1.523
297.5,1.508
298.5,1.545
299.5,1.514
300.5,1.502
301.5,1.595
302.5,1.615
303.5,2.3
304.5,1.744
305.5,1.572
306.5,1.538
307.5,1.528
308.5,1.55
309.5,1.595
310.5,1.52
311.5,1.51
312.5,1.515
313.5,1.482
314.5,1.47
315.5,1.499
316.5,1.531
317.5,1.466
318.5,1.556
319.5,1.495
320.5,1.935
321.5,2.351
322.5,1.496
323.5,1.567
324.5,1.612
325.5,1.623
326.5,2.116
327.5,1.614
328.5,1.563
329.5,1.76
330.5,1.616
331.5,1.59
332.5,1.582
333.5,2.458
334.5,1.871
335.5,2.57
336.5,2.047
337.5,1.955
338.5,1.877
339.5,1.799
340.5,1.781
341.5,1.704
342.5,1.686
343.5,1.724
344.5,1.658
345.5,1.627
346.5,1.6
347.5,2.952
348.5,2.446
349.5,2.021
350.5,2.2
351.5,2.066
352.5,1.933
353.5,1.861
354.5,1.81
355.5,1.801
356.5,1.787
357.5,1.702
358.5,1.728
359.5,1.559
360.5,1.69
361.5,1.695
362.5,1.684
363.5,1.612
364.5,1.588
365.5,1.642