$City of Spokane WWTP Temp File, 01/01/2001 to 12/31/2001",
,
Jday,T
1,13.7
2.5,13.3
3.5,13.6
4.5,13.6
5.5,13.8
6.5,13.6
7.5,13.3
8.5,13.2
9.5,13.7
10.5,13.5
11.5,13.5
12.5,13.6
13.5,13.8
14.5,13.4
15.5,13.1
16.5,13.2
17.5,13.2
18.5,13.1
19.5,13.4
20.5,13.4
21.5,13.2
22.5,12.7
23.5,12.8
24.5,13.2
25.5,13.3
26.5,13.3
27.5,13
28.5,12.9
29.5,12.8
30.5,12.6
31.5,12.7
32.5,12.9
33.5,13.1
34.5,12.5
35.5,12.6
36.5,12.1
37.5,12.2
38.5,12.5
39.5,12.4
40.5,12.5
41.5,12.6
42.5,12.5
43.5,11.9
44.5,12.4
45.5,12.9
46.5,12.9
47.5,12.4
48.5,12.7
49.5,12.8
50.5,12.2
51.5,12.6
52.5,12.9
53.5,12.5
54.5,12.3
55.5,13.1
56.5,12.4
57.5,12.3
58.5,12.7
59.5,12.7
60.5,12.8
61.5,12
62.5,12.4
63.5,12.2
64.5,13
65.5,13
66.5,12.8
67.5,13
68.5,12.4
69.5,13.1
70.5,12.7
71.5,13.1
72.5,13.3
73.5,13.4
74.5,13
75.5,12.5
76.5,13.4
77.5,13.5
78.5,13.4
79.5,13.8
80.5,13.1
81.5,13.5
82.5,13.6
83.5,13.8
84.5,13.2
85.5,13.6
86.5,13.4
87.5,12.9
88.5,13.4
89.5,13.8
90.5,12.3
91.5,13.2
92.5,13.6
93.5,13.7
94.5,13.9
95.5,13.6
96.5,13.5
97.5,12.6
98.5,13.9
99.5,13.8
100.5,14.2
101.5,14
102.5,13.5
103.5,13.6
104.5,14.2
105.5,14.2
106.5,13.9
107.5,14.1
108.5,14.3
109.5,14.5
110.5,14.4
111.5,15
112.5,14.8
113.5,14.6
114.5,14.9
115.5,15.6
116.5,12.2
117.5,15.7
118.5,14.9
119.5,14.3
120.5,14.2
121.5,13.8
122.5,14.6
123.5,15.2
124.5,15.6
125.5,15.5
126.5,15.2
127.5,15.1
128.5,16
129.5,16.2
130.5,15.9
131.5,16
132.5,16.5
133.5,15.5
134.5,16.3
135.5,15.4
136.5,15.8
137.5,15.2
138.5,15.7
139.5,16.5
140.5,16.3
141.5,16.4
142.5,16.9
143.5,17.4
144.5,16.6
145.5,16.7
146.5,18
147.5,17.7
148.5,17.2
149.5,17
150.5,17.3
151.5,16.9
152.5,17
153.5,17.3
154.5,16.8
155.5,16.7
156.5,17.2
157.5,17.2
158.5,17
159.5,17.2
160.5,17.9
161.5,17
162.5,16.9
163.5,16.9
164.5,16.7
165.5,17.1
166.5,17.5
167.5,18.1
168.5,17.8
169.5,17.7
170.5,18.2
171.5,18.3
172.5,18.2
173.5,18.1
174.5,18.5
175.5,18.1
176.5,17.3
177.5,17.9
178.5,18.2
179.5,19.3
180.5,18.7
181.5,18.8
182.5,18.8
183.5,18.5
184.5,19
185.5,19
186.5,19.1
187.5,18.9
188.5,19
189.5,18.9
190.5,18.5
191.5,19.3
192.5,18.9
193.5,19.5
194.5,19.9
195.5,18.9
196.5,19.6
197.5,19
198.5,19.2
199.5,19.4
200.5,19.5
201.5,19.8
202.5,18.8
203.5,19
204.5,19.4
205.5,19.6
206.5,19.6
207.5,20
208.5,19.8
209.5,19.7
210.5,19.5
211.5,19.2
212.5,19.7
213.5,19.8
214.5,19.4
215.5,19.1
216.5,20.3
217.5,19.6
218.5,19.5
219.5,19.9
220.5,20.3
221.5,20.3
222.5,20.4
223.5,20.1
224.5,20
225.5,20.3
226.5,20.7
227.5,20.5
228.5,20.5
229.5,20.8
230.5,20.5
231.5,20
232.5,19.8
233.5,20.1
234.5,19.8
235.5,20.4
236.5,20.3
237.5,20.3
238.5,20.2
239.5,19.5
240.5,20.7
241.5,20.4
242.5,19.4
243.5,20.8
244.5,20.7
245.5,20
246.5,19.9
247.5,20.3
248.5,20.3
249.5,20.1
250.5,19.9
251.5,19.8
252.5,19.8
253.5,19.6
254.5,20.1
255.5,20.2
256.5,19.5
257.5,19.9
258.5,20.8
259.5,20.2
260.5,21.5
261.5,21.5
262.5,20.2
263.5,20.2
264.5,18.7
265.5,19.7
266.5,19.8
267.5,20.1
268.5,20.3
269.5,20.1
270.5,19.5
271.5,18.8
272.5,19.7
273.5,19.6
274.5,19.6
275.5,19.8
276.5,19.7
277.5,19.6
278.5,19.5
279.5,20.3
280.5,19
281.5,19.4
282.5,19.1
283.5,19.4
284.5,18.6
285.5,18.4
286.5,17.9
287.5,18.6
288.5,18.2
289.5,18.5
290.5,18.6
291.5,18.4
292.5,18.2
293.5,18.6
294.5,18.1
295.5,17.3
296.5,16.6
297.5,17.5
298.5,17.9
299.5,18
300.5,18.5
301.5,17.4
302.5,17.1
303.5,17
304.5,15.5
305.5,17.1
306.5,17.4
307.5,17
308.5,17
309.5,16.9
310.5,16.8
311.5,16.8
312.5,17
313.5,16.9
314.5,16.1
315.5,15.7
316.5,16.3
317.5,16.6
318.5,16.6
319.5,17
320.5,17.2
321.5,14.4
322.5,15.5
323.5,15.7
324.5,16.3
325.5,16
326.5,16.2
327.5,14.8
328.5,16
329.5,15.1
330.5,14.6
331.5,14.9
332.5,15.3
333.5,14.4
334.5,13.5
335.5,12.4
336.5,13
337.5,13.5
338.5,13.9
339.5,13.6
340.5,14
341.5,14.6
342.5,14.3
343.5,13.6
344.5,13.7
345.5,14.1
346.5,13.7
347.5,14.4
348.5,11
349.5,12.4
350.5,12.7
351.5,11.2
352.5,11.7
353.5,13.7
354.5,14
355.5,14.2
356.5,14.1
357.5,13.6
358.5,13.4
359.5,13.5
360.5,13.1
361.5,12.4
362.5,12.7
363.5,13.7
364.5,13.6
365.5,13.8
