$1980 DeGray Reservoir meteorology                                                    ,,,,,
,,,,,
JDAY,TAIR,TDEW,WIND,PHI,CLOUD
1,2.2,-1.1,1.9,4.72,0
1.125,1.7,-1.1,2.3,4.37,0
1.25,0,-3.3,1.1,5.07,0
1.375,3.3,-0.6,2.3,4.37,0
1.5,11.1,1.1,2.7,5.07,0
1.625,13.9,-1.1,1.1,1.22,0
1.75,8.3,-0.6,2.3,2.62,0
1.875,6.7,-0.6,1.1,3.85,0
2,1.7,-1.7,0,0,0
2.125,1.1,-1.7,0,0,3
2.25,2.2,-1.1,1.9,4.02,3
2.375,5,1.1,2.3,4.37,8
2.5,12.2,2.8,2.3,4.02,10
2.625,14.4,1.1,3,4.37,10
2.75,11.7,2.2,0,0,10
2.875,9.4,2.8,1.1,1.4,7
3,8.9,3.9,1.9,5.77,10
3.125,6.7,3.9,4.5,0.87,10
3.25,3.9,2.2,5.3,0.7,10
3.375,2.8,0.6,3.4,0.52,10
3.5,2.8,0,4.5,0.35,10
3.625,3.9,0.6,4.5,5.77,10
3.75,3.3,0,4.5,5.94,10
3.875,2.8,-1.1,4.5,6.29,10
4,1.7,-2.2,5.3,6.12,10
4.125,1.7,-3.3,3,5.24,10
4.25,1.7,-3.3,4.5,5.42,8
4.375,2.2,-3.3,3.4,5.42,10
4.5,5,-3.9,2.7,5.77,10
4.625,6.7,-3.3,1.9,5.42,3
4.75,2.2,-4.4,2.3,1.22,3
4.875,1.7,-3.9,0,0,8
5,1.1,-4.4,0,0,6
5.125,2.2,-3.3,1.9,5.94,6
5.25,2.2,-3.3,2.7,5.42,10
5.375,3.9,-1.7,1.1,4.55,0
5.5,7.8,-1.7,3.4,4.9,4
5.625,10,-2.2,1.1,1.92,8
5.75,5,-1.7,2.3,2.27,0
5.875,2.8,-1.1,0,0,0
6,1.7,-2.8,2.7,2.8,0
6.125,1.1,-1.7,1.1,2.97,0
6.25,0.6,-1.7,1.1,2.62,0
6.375,3.3,0.6,2.3,2.62,7
6.5,11.7,4.4,4.5,3.67,10
6.625,13.9,5.6,6.8,3.15,10
6.75,15,7.2,4.5,3.15,10
6.875,13.3,7.8,3.8,3.15,7
7,11.1,9.4,6.4,5.42,10
7.125,4.4,0.6,3.8,6.29,10
7.25,2.2,-3.3,4.5,6.29,10
7.375,1.1,-8.9,3.4,5.94,10
7.5,2.2,-8.9,4.5,6.12,10
7.625,6.1,-8.9,4.5,6.29,5
7.75,2.2,-10,2.3,0.35,8
7.875,1.7,-8.9,3.4,1.05,10
8,-0.6,-8.3,2.3,0.35,8
8.125,-0.6,-7.8,2.3,0.17,10
8.25,0,-7.8,3,0.35,10
8.375,1.7,-6.7,5.7,1.57,10
8.5,5,-6.1,4.9,1.4,4
8.625,6.1,-5.6,3.8,1.4,2
8.75,2.2,-5.6,3,1.4,0
8.875,0.6,-5,2.3,0.87,0
9,-0.6,-5,2.3,0.52,0
9.125,-1.1,-5,2.7,0.17,0
9.25,-2.2,-6.1,1.9,0.7,0
9.375,0,-6.1,3.4,0.87,0
9.5,4.4,-5.6,3,2.1,0
9.625,7.2,-6.1,1.9,1.75,4
9.75,2.8,-6.1,2.3,2.1,8
9.875,1.7,-5,1.1,1.57,8
10,1.1,-4.4,0,0,5
10.125,2.8,-3.3,1.9,1.22,10
10.25,3.3,-2.2,0,0,10
10.375,5,0,2.3,2.27,10
10.5,8.3,3.3,2.3,2.97,10
10.625,11.1,8.3,1.1,3.32,10
10.75,12.8,10.6,3,2.27,10
10.875,14.4,12.8,4.5,2.8,10
11,18.3,16.7,6.1,3.67,10
11.125,18.3,16.7,3.4,3.67,5
11.25,16.7,15.6,3.8,4.02,4
11.375,17.2,15,4.9,4.9,3
11.5,17.8,0.6,8,5.59,2
11.625,13.9,-6.7,8,6.12,2
11.75,8.3,-11.1,7.6,6.12,10
11.875,4.4,-12.2,3.8,0.17,2
12,3.9,-11.7,3,0.17,3
12.125,3.9,-11.7,2.7,0.52,3
12.25,1.7,-11.1,1.9,0.35,8
12.375,3.9,-10,3.4,0.35,10
12.5,5.6,-11.1,5.3,1.4,10
12.625,5.6,-9.4,3.4,2.1,10
12.75,3.9,-7.2,2.7,1.4,10
12.875,1.1,-6.7,3,1.57,5
13,-1.1,-5.6,2.3,1.22,3
13.125,-1.1,-4.4,0,0,0
13.25,-1.1,-4.4,0,0,0
13.375,1.1,-2.8,0,0,7
13.5,9.4,0,1.1,3.32,6
13.625,11.1,1.1,3,2.45,8
13.75,7.8,1.1,3.8,1.4,1
13.875,4.4,1.1,0,0,0
14,2.8,1.1,0,0,0
14.125,2.2,0.6,0,0,0
14.25,0.6,-0.6,0,0,0
14.375,5,2.8,0,0,1
14.5,13.3,6.1,2.7,1.92,0
14.625,15.6,7.2,3.4,1.92,3
14.75,10,6.1,1.9,2.27,6
14.875,7.2,5.6,0,0,10
15,8.9,7.2,0,0,10
15.125,10.6,8.3,3.4,2.97,10
15.25,10,9.4,2.3,2.62,10
15.375,10.6,9.4,2.7,2.8,10
15.5,13.3,12.2,4.5,3.5,10
15.625,15.6,12.2,3.8,3.15,10
15.75,12.8,11.1,1.9,1.57,10
15.875,13.9,11.7,3,2.45,10
16,14.4,12.8,1.9,2.97,10
16.125,15.6,13.9,3.4,3.15,10
16.25,15,13.9,2.3,3.67,9
16.375,16.7,15,3.4,3.85,10
16.5,18.9,16.7,3,3.85,10
16.625,18.9,16.1,4.5,4.2,10
16.75,17.2,13.3,1.9,6.12,10
16.875,15.6,9.4,2.7,5.07,9
17,11.7,7.8,2.3,5.94,3
17.125,9.4,6.7,1.1,6.12,0
17.25,6.7,3.9,2.3,0.7,0
17.375,8.9,5,3.4,0.7,3
17.5,12.8,5,3.4,0.7,8
17.625,15,5,2.3,1.92,7
17.75,11.1,3.9,2.3,1.05,1
17.875,10,4.4,1.1,0.52,7
18,7.8,4.4,0,0,0
18.125,5,3.3,1.9,5.59,0
18.25,3.9,2.2,0,0,0
18.375,8.3,6.7,2.7,0.87,0
18.5,12.8,7.2,1.9,1.05,0
18.625,15.6,6.1,2.3,2.1,3
18.75,10.6,5.6,1.1,1.4,0
18.875,8.9,5,1.9,1.05,2
19,6.7,5,1.1,1.05,0
19.125,4.4,3.3,0,0,0
19.25,3.9,3.3,0,0,1
19.375,7.8,6.1,2.3,1.4,10
19.5,14.4,7.2,2.3,1.22,8
19.625,17.8,8.3,3.4,2.1,6
19.75,12.2,7.8,2.7,1.75,7
19.875,12.8,7.8,3,0.35,10
20,10.6,8.3,2.3,0.17,10
20.125,9.4,7.8,0,0,10
20.25,9.4,7.2,2.3,0.52,10
20.375,9.4,6.1,3.4,1.05,9
20.5,11.1,5.6,3,0.52,10
20.625,12.8,4.4,4.5,1.22,10
20.75,10.6,3.9,2.7,0.87,10
20.875,8.9,5.6,2.7,1.4,10
21,8.3,5.6,3,0.87,10
21.125,7.2,4.4,3,1.4,10
21.25,6.1,4.4,3.4,1.57,10
21.375,5.6,4.4,2.7,1.57,10
21.5,6.1,4.4,2.7,0.87,10
21.625,6.1,5,0,0,10
21.75,5.6,5,1.9,1.22,10
21.875,6.1,5,0,0,10
22,6.1,5.6,0,0,10
22.125,6.7,6.1,3,6.29,10
22.25,7.2,6.7,3,6.29,10
22.375,6.7,5.6,3,0.17,10
22.5,7.8,5.6,4.5,6.29,10
22.625,8.3,1.1,5.3,6.12,7
22.75,7.2,-0.6,2.7,5.94,4
22.875,4.4,-1.7,6.1,5.24,8
23,2.2,-2.8,3.4,5.77,0
23.125,1.7,-3.3,3,5.59,0
23.25,-0.6,-6.7,2.7,5.94,0
23.375,2.2,-5.6,2.7,4.2,0
23.5,6.7,-6.1,5.3,4.37,0
23.625,10,-6.1,3.8,4.72,0
23.75,7.2,-5.6,2.3,4.72,0
23.875,5,-3.9,2.7,4.37,0
24,3.9,-2.2,4.5,4.2,0
24.125,2.8,-1.7,2.7,4.37,0
24.25,2.8,-0.6,3.8,4.02,0
24.375,6.7,1.7,3.8,4.2,1
24.5,15.6,6.1,4.5,4.72,3
24.625,20.6,8.3,6.8,4.37,7
24.75,15.6,3.9,3,4.02,5
24.875,11.7,5.6,2.3,3.85,0
25,11.1,5.6,3.4,4.2,0
25.125,10.6,5.6,4.5,3.85,0
25.25,7.2,1.1,3,4.02,3
25.375,9.4,1.1,2.3,4.37,10
25.5,12.2,0,2.7,4.37,10
25.625,14.4,0,2.7,1.92,10
25.75,11.1,1.7,2.7,1.4,10
25.875,10.6,2.2,3,1.4,10
26,8.3,2.8,2.7,1.05,4
26.125,8.9,3.3,2.3,1.4,9
26.25,8.3,3.3,2.3,0.35,10
26.375,8.3,1.1,4.9,0.87,10
26.5,8.9,1.1,5.3,0.87,10
26.625,10,0.6,3.4,0.87,3
26.75,6.1,-0.6,3.8,1.22,3
26.875,5,-1.1,4.5,1.05,10
27,5,-3.3,3.4,0.52,10
27.125,4.4,-5,3.4,0.52,8
27.25,3.9,-6.7,2.7,0.17,10
27.375,3.9,-7.2,3,0.52,10
27.5,6.1,-6.7,3,0.7,10
27.625,6.7,-6.1,1.9,5.07,10
27.75,6.1,-5.6,3,6.12,10
27.875,5.6,-5.6,2.3,0.87,10
28,4.4,-4.4,3.4,1.92,10
28.125,3.9,-4.4,3.8,1.75,10
28.25,2.8,-5,3.8,1.4,10
28.375,2.8,-5.6,3.4,1.4,10
28.5,2.2,-6.7,2.3,1.57,10
28.625,1.7,-6.7,3.4,1.05,10
28.75,1.1,-5,4.5,0.87,10
28.875,-0.6,-5.6,4.9,1.05,10
29,-0.6,-5,2.7,1.22,10
29.125,-1.1,-5,5.3,0.87,10
29.25,-1.7,-5.6,3.4,0.7,10
29.375,-1.7,-6.7,4.5,0.87,10
29.5,-0.6,-7.2,4.5,1.4,10
29.625,-0.6,-8.3,4.5,1.4,10
29.75,-0.6,-8.3,5.7,1.22,10
29.875,-1.1,-8.9,4.5,1.4,10
30,-1.1,-7.2,3.4,1.57,10
30.125,-1.1,-6.1,3.4,1.57,10
30.25,-0.6,-4.4,3.4,1.57,10
30.375,-0.6,-3.9,3,0.87,10
30.5,0,-3.3,3,1.4,10
30.625,0,-3.3,2.7,0.35,10
30.75,-0.6,-3.3,3.4,0.17,10
30.875,-1.1,-4.4,3.8,6.12,10
31,-1.1,-5.6,6.8,0.17,10
31.125,-3.3,-8.3,5.3,6.12,4
31.25,-4.4,-9.4,4.5,0.35,9
31.375,-4.4,-10,4.5,5.94,8
31.5,-2.8,-8.9,3.8,6.12,5
31.625,-1.7,-8.3,3.4,5.59,8
31.75,-2.8,-9.4,2.7,6.29,4
31.875,-3.3,-10.6,3,5.94,0
32,-5,-11.1,3,6.12,0
32.125,-6.7,-11.7,4.5,6.29,0
32.25,-7.8,-12.8,1.9,0.35,0
32.375,-6.7,-13.9,4.9,0.7,0
32.5,-3.3,-11.1,1.9,1.57,2
32.625,-1.1,-10,3.4,2.1,3
32.75,-3.3,-10,2.3,2.27,2
32.875,-5,-10.6,1.1,2.27,2
33,-6.1,-10,0,0,6
33.125,-5,-9.4,2.3,2.1,6
33.25,-6.1,-10.6,1.1,3.15,2
33.375,-3.9,-8.3,1.1,3.15,6
33.5,0,-6.7,2.7,3.5,10
33.625,0.6,-7.2,3.4,2.62,10
33.75,0,-6.1,2.7,2.97,10
33.875,-1.1,-5.6,1.9,3.5,8
34,-2.2,-5,1.1,3.15,10
34.125,-1.1,-4.4,0,0,10
34.25,0,-3.9,2.3,3.5,10
34.375,0,-3.9,1.1,2.97,10
34.5,2.2,-1.7,1.1,2.1,10
34.625,3.3,-2.2,2.3,1.75,10
34.75,2.2,-2.2,2.7,1.22,10
34.875,1.7,-2.2,2.3,0.7,10
35,1.1,-2.2,2.3,1.22,10
35.125,1.1,-2.8,3,0.87,10
35.25,0.6,-3.3,3,0.87,10
35.375,0,-5.6,3,1.22,10
35.5,4.4,-3.3,5.3,2.27,6
35.625,4.4,-3.9,3.8,1.92,10
35.75,3.9,-3.3,3,1.75,10
35.875,2.8,-3.9,3.4,1.75,10
36,2.2,-3.9,2.3,1.57,10
36.125,1.7,-2.8,2.7,1.92,10
36.25,1.7,-2.8,1.9,0.52,10
36.375,1.7,-2.2,0,0,10
36.5,3.9,0.6,2.7,4.37,9
36.625,8.9,2.2,1.9,5.94,3
36.75,8.3,1.7,1.9,3.32,3
36.875,7.2,1.1,2.7,5.77,10
37,3.9,-2.2,3,4.37,0
37.125,1.1,-3.9,2.3,4.37,0
37.25,2.2,-5,3.8,5.59,0
37.375,3.9,-4.4,3.4,5.42,0
37.5,6.7,-4.4,4.5,6.12,3
37.625,8.3,-6.7,1.1,0.17,0
37.75,3.9,-6.7,2.3,0.7,0
37.875,1.1,-7.8,3.4,1.05,0
38,-1.7,-7.8,3,0.87,0
38.125,-2.8,-8.3,2.3,0.87,0
38.25,-3.9,-8.3,2.7,0.87,0
38.375,-1.7,-7.2,3.8,1.05,10
38.5,2.2,-5.6,5.3,1.57,10
38.625,2.2,-6.1,5.3,1.57,10
38.75,1.7,-5,6.1,1.75,10
38.875,1.1,-5,5.3,1.4,10
39,1.7,-4.4,3.4,1.05,10
39.125,0.6,-2.8,6.4,1.4,10
39.25,1.1,-2.8,4.5,1.22,10
39.375,1.1,-2.8,3.4,0.7,10
39.5,1.7,-1.7,2.3,1.92,10
39.625,1.7,-2.2,2.3,0.35,10
39.75,1.1,-1.1,5.3,0.87,10
39.875,0.6,-2.2,6.1,0.35,10
40,0,-2.8,3,0.35,10
40.125,0.6,-2.2,4.5,0.17,10
40.25,0.6,-2.2,3,0.17,10
40.375,0,-4.4,6.4,0.52,10
40.5,0.6,-4.4,4.5,0.52,10
40.625,0,-5.6,3.4,0.17,10
40.75,0,-3.9,4.5,6.29,10
40.875,0,-5.6,3.4,6.12,10
41,-2.2,-7.2,4.5,0.17,4
41.125,-4.4,-8.3,3,6.12,0
41.25,-5,-8.9,2.7,5.94,0
41.375,-3.3,-9.4,3.4,0.52,0
41.5,-1.1,-7.8,0,0,4
41.625,-0.6,-7.2,2.3,3.67,10
41.75,-1.1,-6.7,2.7,4.2,10
41.875,-2.2,-6.7,3,3.67,2
42,-2.8,-7.2,2.7,4.02,0
42.125,-2.8,-6.1,2.7,4.55,10
42.25,-2.8,-5.6,4.5,4.37,10
42.375,-1.7,-5.6,3.4,4.55,10
42.5,3.9,-1.7,3,4.37,7
42.625,6.7,-1.7,2.7,4.37,4
42.75,4.4,-2.2,3,4.2,10
42.875,1.7,-2.8,2.7,4.2,8
43,1.1,-2.8,2.3,5.77,4
43.125,-1.1,-7.2,3.4,6.29,0
43.25,-2.2,-9.4,2.7,0.35,0
43.375,-1.7,-10.6,3,0.52,7
43.5,1.1,-9.4,1.9,1.57,7
43.625,3.9,-8.3,2.7,2.45,7
43.75,1.1,-7.8,3,2.27,8
43.875,-1.7,-7.2,2.3,2.1,0
44,-2.2,-7.2,0,0,0
44.125,-3.9,-8.3,0,0,0
44.25,-4.4,-8.3,0,0,0
44.375,0,-3.9,1.9,2.45,0
44.5,6.7,-3.9,3,2.1,0
44.625,10.6,-1.1,4.5,1.92,2
44.75,10,1.1,2.3,2.27,10
44.875,5,0.6,0,0,3
45,6.1,1.1,0,0,4
45.125,2.8,-1.1,0,0,8
45.25,1.1,-1.7,0,0,8
45.375,5.6,1.1,1.9,3.32,8
45.5,16.7,5.6,2.7,3.15,1
45.625,17.2,8.3,3.8,1.92,10
45.75,13.9,8.3,2.7,2.62,10
45.875,12.8,8.9,3,2.45,10
46,11.7,8.3,1.9,2.8,10
46.125,13.3,9.4,3.4,3.67,10
46.25,13.9,9.4,3.4,3.85,10
46.375,15.6,11.1,3.8,4.02,10
46.5,16.7,12.8,3,4.02,10
46.625,16.7,13.3,3.4,4.02,10
46.75,14.4,10,6.4,5.42,10
46.875,7.8,3.3,6.8,5.07,10
47,4.4,-1.7,6.8,5.77,10
47.125,2.8,-3.3,6.1,6.12,10
47.25,0.6,-6.1,4.5,6.29,10
47.375,1.1,-7.2,5.3,0.17,9
47.5,2.8,-8.3,5.3,0.17,8
47.625,2.8,-11.1,6.4,6.12,10
47.75,0,-12.2,6.1,6.29,9
47.875,-2.2,-12.2,6.4,6.12,1
48,-5,-13.3,4.5,5.94,0
48.125,-6.7,-13.9,2.7,5.94,0
48.25,-8.3,-13.9,3.4,6.29,0
48.375,-5.6,-13.3,3.8,0.7,0
48.5,-1.7,-13.3,2.7,1.05,0
48.625,0.6,-13.3,0,0,0
48.75,-1.1,-12.8,2.3,2.1,3
48.875,-2.2,-10.6,2.3,1.75,0
49,-3.9,-9.4,0,0,0
49.125,-5.6,-9.4,0,0,2
49.25,-6.1,-9.4,0,0,2
49.375,-0.6,-5.6,1.9,2.97,7
49.5,6.1,-6.7,3.4,2.62,9
49.625,7.8,-6.7,5.3,2.45,4
49.75,7.8,-5,4.5,2.45,9
49.875,7.2,-4.4,3,2.8,10
50,7.2,-3.9,3,2.62,10
50.125,7.2,-2.8,2.7,2.97,10
50.25,8.9,0.6,3,3.15,10
50.375,8.9,3.3,2.7,2.1,10
50.5,9.4,5.6,2.7,2.1,10
50.625,13.3,10,2.7,2.27,10
50.75,12.2,8.3,2.3,0.7,3
50.875,8.9,6.7,0,0,0
51,7.2,5,2.3,0.35,0
51.125,7.8,5.6,2.7,5.59,10
51.25,8.9,6.1,0,0,10
51.375,10,7.2,1.9,4.72,10
51.5,11.7,8.9,2.7,3.67,10
51.625,13.9,9.4,3.8,1.92,7
51.75,10.6,7.8,2.7,1.92,7
51.875,10,7.2,3,1.22,10
52,10,7.8,1.9,1.22,10
52.125,8.3,7.2,1.1,3.5,10
52.25,6.7,5.6,0,0,10
52.375,12.2,10,2.3,5.07,10
52.5,25,8.9,6.1,4.2,3
52.625,27.8,2.8,6.4,4.37,0
52.75,22.8,-1.1,4.5,4.37,0
52.875,17.2,0,3,4.55,0
53,15.6,1.1,2.3,4.55,0
53.125,7.2,0.6,1.9,5.77,0
53.25,6.7,0.6,1.9,4.37,0
53.375,13.3,5.6,0,0,3
53.5,20,5,3.4,2.27,9
53.625,21.7,6.1,4.5,2.27,9
53.75,18.3,6.1,2.3,1.22,3
53.875,15,7.2,1.1,0.7,0
54,10,6.1,3.4,5.24,0
54.125,9.4,5.6,3,5.07,0
54.25,9.4,6.1,0,0,0
54.375,12.8,7.2,4.5,6.12,0
54.5,16.7,6.7,4.5,5.77,0
54.625,18.3,5,2.3,5.24,4
54.75,16.1,4.4,2.7,6.29,6
54.875,12.2,3.9,3,0.7,1
55,10,3.3,3.4,0.7,7
55.125,6.1,1.1,2.7,0.52,0
55.25,3.9,1.1,1.9,0.87,0
55.375,7.8,3.3,3.4,0.87,0
55.5,12.8,3.3,4.5,1.05,5
55.625,13.9,2.8,4.5,6.12,10
55.75,8.9,1.1,5.7,6.29,10
55.875,6.1,1.1,4.9,6.29,4
56,3.9,0,4.5,5.59,10
56.125,1.7,-0.6,1.1,4.02,0
56.25,1.1,-2.2,2.7,4.02,0
56.375,7.8,2.8,3.4,4.55,1
56.5,10,-10,7.6,5.77,0
56.625,10,-12.2,6.4,5.42,0
56.75,7.2,-13.3,6.4,6.12,0
56.875,1.7,-15,6.4,0.17,0
57,-1.7,-15,4.5,5.94,0
57.125,-3.9,-15,2.3,0.17,0
57.25,-5.6,-15,3,0.17,0
57.375,-1.7,-13.3,3.8,1.57,0
57.5,2.2,-13.3,3,2.8,0
57.625,7.8,-11.1,3,2.27,0
57.75,7.2,-13.3,3,3.5,3
57.875,4.4,-12.8,3,4.02,0
58,4.4,-11.7,2.3,4.2,0
58.125,2.2,-10,2.7,4.37,0
58.25,0.6,-8.9,2.7,4.2,0
58.375,7.2,-6.1,2.7,4.2,2
58.5,17.8,-3.3,1.9,5.07,0
58.625,22.2,-1.7,2.3,4.37,0
58.75,18.9,-2.2,2.3,4.2,4
58.875,14.4,-1.1,3.4,4.02,0
59,10,-1.1,2.7,4.2,0
59.125,12.2,-0.6,5.3,4.2,0
59.25,11.7,-0.6,4.9,4.37,3
59.375,16.1,2.8,4.9,4.2,2
59.5,23.9,5,5.3,4.37,5
59.625,27.8,4.4,4.9,4.37,8
59.75,25.6,3.9,3.4,4.2,6
59.875,16.1,3.9,6.4,0.87,3
60,8.9,1.7,6.1,1.22,2
60.125,4.4,-1.7,5.3,1.05,1
60.25,2.2,-3.9,6.4,1.05,1
60.375,3.9,-4.4,5.7,1.22,10
60.5,6.1,-6.1,6.4,0.87,10
60.625,7.8,-5.6,6.8,1.22,9
60.75,5.6,-6.1,6.4,1.22,10
60.875,4.4,-6.7,5.3,0.87,10
61,2.2,-7.8,6.8,0.7,10
61.125,-2.2,-7.2,6.4,0.35,10
61.25,-3.3,-8.3,5.7,0.17,7
61.375,-3.9,-10,6.4,5.94,10
61.5,-3.3,-11.1,5.7,5.94,10
61.625,-2.2,-11.7,5.7,5.77,10
61.75,-3.3,-12.2,7.6,5.94,9
61.875,-3.3,-12.2,6.8,0.17,10
62,-4.4,-15,4.5,6.29,4
62.125,-5.6,-15,6.4,6.29,0
62.25,-7.2,-15,3.8,5.77,0
62.375,-4.4,-14.4,5.3,0.35,0
62.5,0,-14.4,3.8,0.35,0
62.625,2.8,-14.4,1.9,5.77,0
62.75,1.1,-16.1,1.9,5.94,0
62.875,-2.2,-13.9,2.3,3.15,0
63,-4.4,-12.2,1.1,3.15,0
63.125,-5.6,-13.3,2.3,4.02,0
63.25,-5,-12.8,3.8,3.5,0
63.375,-0.6,-9.4,3.4,3.67,7
63.5,6.1,-9.4,4.5,3.32,8
63.625,11.1,-9.4,5.3,3.67,9
63.75,11.1,-10.6,4.9,3.32,7
63.875,9.4,-10,3,2.8,10
64,8.9,-5,4.9,3.67,10
64.125,8.9,-1.1,4.5,3.5,10
64.25,7.2,1.1,3.8,3.15,10
64.375,7.2,3.3,2.3,2.97,10
64.5,11.1,7.2,5.3,3.32,10
64.625,12.2,7.8,5.3,3.5,10
64.75,13.9,10,6.1,3.32,10
64.875,15,11.1,2.7,4.2,10
65,14.4,12.2,3,4.37,10
65.125,7.8,0.6,6.4,5.42,10
65.25,4.4,-1.1,4.5,5.77,3
65.375,5.6,-2.8,5.3,5.94,2
65.5,8.9,-2.8,5.3,5.94,0
65.625,12.2,-3.3,4.5,6.29,0
65.75,10,-4.4,2.7,0.17,0
65.875,5.6,-5,1.9,0.52,0
66,2.8,-5,1.9,0.87,0
66.125,0.6,-6.7,2.3,0.7,0
66.25,-1.1,-7.2,2.3,1.05,0
66.375,4.4,-1.1,3,1.75,9
66.5,11.1,-0.6,3.4,2.62,7
66.625,16.1,0,3.4,2.97,8
66.75,15,1.7,2.7,2.45,7
66.875,11.1,3.3,1.9,2.45,4
67,11.7,5.6,3,2.62,3
67.125,14.4,10,1.9,3.15,10
67.25,14.4,11.1,1.9,2.8,10
67.375,15,12.2,1.9,2.1,10
67.5,19.4,15,3,4.02,10
67.625,25.6,15,5.3,4.37,8
67.75,24.4,14.4,4.9,4.02,10
67.875,20.6,13.9,2.7,3.67,0
68,20,15.6,3.4,4.2,0
68.125,18.3,15,3.8,4.02,0
68.25,17.8,15,2.3,4.02,0
68.375,16.7,6.7,4.5,5.59,10
68.5,18.9,5,4.5,5.42,8
68.625,19.4,3.3,6.1,5.42,4
68.75,16.1,2.8,3.4,6.12,7
68.875,10,2.2,2.3,0.35,0
69,7.2,1.1,2.3,0.35,0
69.125,5,0.6,2.7,0.7,0
69.25,1.7,-1.1,2.3,0.87,0
69.375,7.8,3.3,3,1.75,2
69.5,12.2,3.3,2.7,1.75,1
69.625,16.7,2.8,3.4,2.27,5
69.75,14.4,2.8,3,2.45,3
69.875,11.7,3.9,1.9,2.27,0
70,8.3,3.9,0,0,0
70.125,6.1,3.3,0,0,0
70.25,4.4,2.8,1.9,4.2,0
70.375,13.9,8.3,1.1,5.42,0
70.5,23.3,-1.1,2.7,5.07,0
70.625,26.1,-2.2,4.9,5.42,0
70.75,22.2,-3.3,3.4,5.42,4
70.875,15,-3.3,1.9,4.55,0
71,15,-0.6,4.5,1.05,0
71.125,10,0.6,3,0.52,0
71.25,6.7,-0.6,3.8,1.05,5
71.375,6.1,-5,5.7,1.22,9
71.5,8.9,-9.4,6.1,1.4,10
71.625,7.8,-7.8,4.9,1.22,10
71.75,6.7,-4.4,3.4,1.4,10
71.875,4.4,-1.7,3,1.22,10
72,4.4,0,4.9,1.4,10
72.125,4.4,1.1,3.4,1.4,10
72.25,6.1,2.8,3.4,6.29,10
72.375,6.7,4.4,3,1.4,10
72.5,9.4,6.7,3,1.92,10
72.625,11.1,9.4,1.9,2.27,10
72.75,11.1,9.4,2.7,0.7,10
72.875,10.6,8.3,2.7,6.12,10
73,10,8.3,0,0,10
73.125,10,8.3,1.9,5.77,10
73.25,9.4,6.7,6.1,5.42,10
73.375,10.6,3.9,4.9,5.24,4
73.5,13.3,2.2,8,5.07,5
73.625,15,0.6,8,5.24,1
73.75,13.9,-3.9,6.1,5.42,0
73.875,10,-3.9,1.9,5.24,0
74,7.2,-3.9,3,5.59,0
74.125,2.2,-3.3,1.9,4.55,0
74.25,1.1,-2.8,1.9,4.2,2
74.375,8.3,2.2,3.4,1.75,0
74.5,12.8,0.6,3,1.75,2
74.625,16.1,1.1,3.4,2.27,0
74.75,13.9,-0.6,3,2.1,3
74.875,7.8,0,2.7,2.62,3
75,6.7,0,0,0,0
75.125,3.3,-2.2,2.3,1.05,0
75.25,1.7,-2.2,1.1,4.2,0
75.375,9.4,4.4,1.9,2.1,7
75.5,17.2,3.3,4.5,2.45,7
75.625,19.4,3.9,5.3,2.1,8
75.75,16.1,4.4,4.9,2.27,1
75.875,11.1,3.9,2.7,2.45,0
76,8.3,3.9,1.1,2.1,0
76.125,11.1,5.6,0,0,6
76.25,12.2,8.3,0,0,10
76.375,13.3,11.1,3.8,2.62,10
76.5,16.1,13.3,3.4,2.27,10
76.625,16.1,13.3,3.4,2.62,10
76.75,15.6,13.3,2.7,2.27,10
76.875,15,13.3,2.7,2.1,10
77,15.6,13.3,2.7,3.15,10
77.125,14.4,12.8,1.9,0.7,10
77.25,13.3,12.2,1.9,3.15,10
77.375,11.7,10.6,6.8,5.24,10
77.5,7.8,6.1,5.3,6.12,10
77.625,12.8,5,5.3,5.77,3
77.75,11.1,-0.6,5.3,6.29,2
77.875,6.7,-2.2,2.3,5.94,0
78,5.6,-2.8,0,0,0
78.125,2.2,-2.8,1.9,4.55,0
78.25,0.6,-2.2,1.9,4.37,0
78.375,8.9,2.8,0,0,0
78.5,13.3,-1.7,3,2.1,0
78.625,14.4,-2.2,3.4,2.27,3
78.75,11.7,-1.1,3,2.27,4
78.875,9.4,1.1,1.9,2.27,4
79,7.2,1.7,0,0,6
79.125,7.8,3.3,0,0,10
79.25,7.8,3.9,3,3.32,10
79.375,10.6,3.9,2.7,3.15,10
79.5,13.9,3.3,2.7,3.32,10
79.625,16.1,3.9,5.3,3.5,10
79.75,13.3,5.6,3.4,2.97,10
79.875,12.2,7.8,3,2.8,10
80,11.7,8.3,3,2.8,10
80.125,11.1,8.9,0,0,10
80.25,12.2,9.4,0,0,10
80.375,12.2,10,1.9,2.62,10
80.5,14.4,13.3,1.9,2.45,10
80.625,20.6,17.2,6.1,4.2,8
80.75,23.3,11.7,8.7,5.07,2
80.875,11.1,4.4,6.4,5.42,7
81,8.3,1.7,5.3,5.42,0
81.125,7.2,1.7,3.4,4.55,0
81.25,6.1,1.7,2.7,5.07,0
81.375,11.1,-0.6,3.8,5.42,0
81.5,14.4,-2.8,4.5,5.94,0
81.625,17.2,-3.3,3,5.94,0
81.75,16.7,-3.9,1.1,6.12,0
81.875,10,-1.1,1.1,2.97,0
82,6.7,-0.6,0,0,0
82.125,5,-0.6,0,0,0
82.25,3.9,0,1.1,4.37,0
82.375,11.1,6.1,3,2.45,7
82.5,16.1,3.3,4.5,2.45,5
82.625,17.8,4.4,5.3,2.62,5
82.75,15.6,5,3.4,2.45,7
82.875,10.6,5,2.3,2.27,6
83,9.4,5.6,0,0,0
83.125,11.7,6.7,1.9,2.62,10
83.25,11.1,6.7,0,0,10
83.375,13.9,8.3,2.3,2.8,10
83.5,12.8,8.3,4.5,2.1,10
83.625,11.1,7.8,2.3,3.32,10
83.75,11.1,8.3,5.7,1.4,10
83.875,11.1,8.9,3.4,1.92,10
84,11.7,10,0,0,10
84.125,12.8,10,5.3,4.2,0
84.25,7.2,0.6,5.3,4.72,8
84.375,8.9,1.1,6.4,4.9,9
84.5,11.1,3.9,4.5,5.24,10
84.625,12.2,4.4,5.7,5.07,8
84.75,11.1,3.9,3.8,5.07,7
84.875,9.4,3.9,3,5.42,10
85,8.9,4.4,4.5,6.29,10
85.125,8.3,3.9,2.7,6.12,10
85.25,8.3,3.9,3,0.35,10
85.375,8.9,4.4,3,1.05,10
85.5,8.9,4.4,3.4,1.05,10
85.625,8.9,4.4,3,1.4,10
85.75,8.9,4.4,3,1.4,10
85.875,8.3,3.9,3.4,1.22,10
86,6.7,2.8,2.7,1.22,10
86.125,7.2,3.3,3.8,1.05,10
86.25,6.1,2.8,3.4,0.87,10
86.375,7.2,3.3,3,1.22,10
86.5,7.8,3.3,3.8,1.4,10
86.625,9.4,3.9,3.4,1.22,10
86.75,10,3.9,3,1.75,8
86.875,8.3,3.9,2.7,0.87,10
87,5.6,2.8,2.3,1.22,0
87.125,6.7,3.3,3,1.22,8
87.25,7.2,3.9,3,1.05,10
87.375,10,5.6,3.4,1.4,10
87.5,12.8,6.1,4.5,1.75,10
87.625,13.9,7.2,4.5,2.1,10
87.75,11.7,8.3,3,1.05,10
87.875,11.1,8.9,4.5,1.4,10
88,11.1,8.9,2.3,0.52,10
88.125,11.1,8.9,2.7,6.29,10
88.25,11.1,9.4,3.4,5.94,8
88.375,13.3,12.2,1.9,3.32,6
88.5,18.9,12.8,3,1.75,4
88.625,23.3,11.7,4.5,5.07,2
88.75,21.1,8.9,3.8,3.85,1
88.875,16.1,8.3,2.7,4.2,0
89,12.8,8.3,0,0,0
89.125,10,7.2,0,0,0
89.25,8.9,6.7,0,0,2
89.375,15,12.8,4.5,2.1,10
89.5,15,13.3,3,1.92,10
89.625,16.7,13.3,6.1,2.27,9
89.75,15.6,12.8,6.1,2.45,10
89.875,15,12.8,3,3.15,10
90,11.7,8.9,2.7,4.9,1
90.125,7.2,3.9,1.9,4.2,0
90.25,4.4,2.2,2.3,3.67,0
90.375,8.9,3.9,6.1,4.2,10
90.5,11.7,4.4,6.4,4.2,10
90.625,10.6,3.9,6.4,4.72,10
90.75,11.1,3.9,5.3,4.55,10
90.875,10.6,3.9,5.3,4.37,10
91,8.3,2.8,3.4,4.55,6
91.125,7.8,2.8,4.5,4.55,3
91.25,8.9,3.3,4.5,5.42,9
91.375,10.6,3.9,4.5,4.9,10
91.5,13.3,4.4,3.8,4.9,5
91.625,16.1,4.4,1.9,5.77,8
91.75,15,5,3.4,1.75,10
91.875,10,5.6,3,2.1,4
92,8.3,5,2.7,2.1,0
92.125,6.1,2.8,2.7,1.92,0
92.25,6.7,3.9,3,2.1,2
92.375,12.8,7.2,4.5,2.45,0
92.5,18.3,9.4,5.3,2.62,0
92.625,22.8,12.2,5.3,2.1,0
92.75,21.7,11.1,3.4,2.45,3
92.875,16.1,11.1,2.3,2.97,2
93,13.3,9.4,1.9,4.37,0
93.125,11.1,7.8,0,0,3
93.25,9.4,6.7,0,0,5
93.375,17.2,12.8,2.3,2.27,5
93.5,23.3,11.1,4.5,1.75,0
93.625,25,12.2,5.3,2.1,1
93.75,21.7,10,4.5,2.97,4
93.875,18.9,12.8,5.3,2.62,8
94,18.3,13.9,1.9,2.97,10
94.125,18.3,13.9,1.9,5.24,10
94.25,17.2,13.9,0,0,10
94.375,18.9,15.6,3.4,4.2,10
94.5,21.1,16.1,5.3,5.59,9
94.625,23.3,8.9,5.7,5.59,3
94.75,21.7,1.1,5.3,5.42,3
94.875,16.1,2.2,4.5,4.72,0
95,13.9,2.8,4.5,5.07,0
95.125,11.7,2.8,3.4,5.59,0
95.25,8.9,1.1,3.4,5.42,0
95.375,13.3,1.7,5.3,5.42,0
95.5,17.2,1.7,5.3,5.07,0
95.625,20.6,-1.1,5.3,5.24,1
95.75,18.9,-2.2,3,5.24,1
95.875,12.2,-1.7,2.3,6.12,2
96,11.7,-1.1,1.9,5.77,2
96.125,10,0.6,2.3,5.94,1
96.25,6.1,1.1,1.1,4.37,0
96.375,15,2.2,2.3,2.1,0
96.5,17.2,2.8,1.9,1.22,0
96.625,20,3.3,3.4,2.45,2
96.75,17.8,2.8,12.1,2.27,1
96.875,12.2,3.9,2.3,2.45,0
97,11.1,3.9,0,0,0
97.125,12.2,5,0,0,10
97.25,11.7,4.4,2.3,2.45,8
97.375,15.6,5.6,4.5,3.15,4
97.5,23.3,5,4.5,2.8,7
97.625,25,5.6,3.8,2.97,8
97.75,21.7,5.6,6.1,3.15,9
97.875,17.2,7.2,2.7,2.97,4
98,18.9,10,3,3.15,7
98.125,17.8,11.1,5.3,3.67,10
98.25,17.2,12.2,4.5,3.32,10
98.375,18.3,13.9,4.9,3.5,10
98.5,21.7,15,3.8,3.32,10
98.625,25,15.6,4.9,2.62,5
98.75,23.9,16.1,6.1,2.45,10
98.875,23.9,16.1,5.3,3.32,10
99,19.4,15.6,3.4,2.62,10
99.125,18.9,13.9,5.3,4.72,5
99.25,13.9,6.7,4.9,4.72,0
99.375,14.4,2.2,8.7,5.24,0
99.5,17.2,5.6,5.7,4.9,5
99.625,17.8,5,8,4.72,5
99.75,18.9,2.8,5.3,4.9,0
99.875,15.6,1.7,3.4,4.72,0
100,11.7,1.7,2.7,4.55,0
100.125,10,1.7,2.7,4.72,0
100.25,8.3,0.6,3.4,4.55,0
100.375,16.1,1.1,6.1,4.72,0
100.5,21.1,-2.2,8,5.24,0
100.625,22.2,-2.2,6.4,5.59,0
100.75,20.6,-3.9,5.3,4.9,5
100.875,13.3,-3.3,2.7,4.55,0
101,10.6,-2.2,2.3,4.55,0
101.125,8.3,-0.6,2.7,4.37,0
101.25,6.7,0,2.7,4.55,0
101.375,17.8,1.7,3,4.37,0
101.5,24.4,1.7,5.3,4.72,3
101.625,26.7,0.6,2.7,4.2,1
101.75,23.3,1.1,3.4,3.32,10
101.875,17.8,2.8,2.7,2.8,2
102,15.6,3.9,2.3,2.27,3
102.125,15,5.6,2.7,2.62,4
102.25,17.2,5.6,3.4,3.15,10
102.375,20.6,11.1,3,3.32,10
102.5,24.4,15,3.8,3.67,10
102.625,22.2,16.7,3.4,3.85,10
102.75,18.3,16.7,1.9,1.92,10
102.875,17.8,16.1,3.4,1.57,10
103,17.2,15.6,3,5.59,10
103.125,12.2,9.4,4.9,6.29,10
103.25,9.4,5.6,6.1,6.12,10
103.375,9.4,4.4,6.4,6.12,10
103.5,10,3.3,3.8,0.17,10
103.625,15,3.9,3.4,1.92,10
103.75,15,2.2,4.5,1.05,10
103.875,13.3,5,3,0.7,10
104,9.4,6.1,5.3,0.52,10
104.125,8.3,5.6,6.4,0.52,10
104.25,7.8,3.9,6.4,0.87,10
104.375,6.7,4.4,5.3,0.52,10
104.5,6.1,2.2,8.7,0.52,10
104.625,5.6,1.1,4.9,5.94,10
104.75,2.8,0,5.3,5.77,10
104.875,3.9,1.7,5.3,5.42,10
105,3.9,1.1,6.1,5.24,10
105.125,4.4,2.2,6.4,4.9,10
105.25,3.9,0.6,3.4,4.55,8
105.375,7.2,1.1,6.8,5.24,8
105.5,8.3,0,5.3,5.07,10
105.625,8.3,-1.7,5.3,4.9,10
105.75,7.8,-1.7,4.9,5.42,7
105.875,5,-1.7,1.1,4.2,0
106,3.3,-0.6,0,0,0
106.125,1.7,-1.1,1.9,4.02,0
106.25,2.8,-1.1,3,4.37,0
106.375,12.2,2.2,4.5,4.55,0
106.5,18.9,2.2,5.3,5.77,0
106.625,22.2,1.7,6.1,5.59,0
106.75,21.1,0,3.4,5.59,0
106.875,12.8,2.8,0,0,0
107,9.4,3.3,0,0,0
107.125,7.2,3.3,0,0,3
107.25,6.1,2.2,0,0,0
107.375,15,6.1,3.4,1.4,4
107.5,18.9,8.9,3.4,1.05,4
107.625,23.3,9.4,3.4,1.57,0
107.75,21.1,8.9,3.4,2.1,0
107.875,15.6,9.4,2.3,2.27,0
108,12.8,7.8,0,0,5
108.125,13.9,7.8,3.4,2.8,0
108.25,11.1,7.8,0,0,3
108.375,16.7,9.4,3.8,4.55,10
108.5,16.7,9.4,1.1,4.55,10
108.625,20.6,10.6,5.3,2.62,6
108.75,16.1,7.8,5.3,5.42,9
108.875,12.2,8.9,2.3,1.22,8
109,11.1,8.3,1.1,0.87,8
109.125,11.1,8.3,0,0,6
109.25,10.6,7.8,2.3,0.35,7
109.375,12.2,11.1,2.7,0.35,9
109.5,18.3,10.6,4.5,1.75,7
109.625,20,10.6,3,1.22,8
109.75,20,10,3,1.05,2
109.875,15.6,9.4,0,0,0
110,12.2,9.4,0,0,0
110.125,12.8,9.4,1.1,5.42,0
110.25,11.7,8.3,1.9,5.42,0
110.375,19.4,10.6,2.3,0.17,0
110.5,24.4,6.7,2.7,0.17,0
110.625,25.6,6.7,0,0,0
110.75,22.2,7.8,3,2.45,0
110.875,16.1,8.9,0,0,0
111,13.3,9.4,1.1,4.2,0
111.125,12.8,8.3,1.9,4.55,0
111.25,11.7,7.8,1.9,4.72,3
111.375,22.8,11.1,2.3,4.2,4
111.5,26.7,10.6,0,0,4
111.625,27.2,11.1,1.9,2.8,6
111.75,25.6,11.7,2.7,2.45,5
111.875,19.4,9.4,2.7,4.2,0
112,16.7,10,0,0,0
112.125,15.6,10,3,4.55,0
112.25,13.9,8.9,2.3,4.37,0
112.375,23.9,11.1,3.4,5.24,0
112.5,29.4,7.8,1.9,5.94,0
112.625,30.6,9.4,1.9,5.07,0
112.75,26.7,12.2,2.3,2.45,0
112.875,20.6,12.2,0,0,0
113,17.8,11.7,2.7,4.37,0
113.125,15.6,10.6,1.9,4.37,0
113.25,14.4,10,1.9,4.37,0
113.375,25,12.2,2.7,5.77,0
113.5,28.9,11.1,0,0,0
113.625,30,13.9,3.4,1.75,0
113.75,27.8,12.8,2.3,2.97,3
113.875,22.2,12.2,1.9,4.37,0
114,18.9,12.2,2.3,4.37,0
114.125,16.7,11.7,2.7,4.37,0
114.25,15.6,11.1,1.9,4.37,3
114.375,23.9,13.3,2.7,4.2,0
114.5,28.9,11.1,4.5,4.37,3
114.625,29.4,10.6,5.3,3.67,3
114.75,27.8,10,3.4,4.37,8
114.875,22.8,9.4,3.8,4.02,0
115,17.8,10,2.3,4.2,0
115.125,16.1,11.1,1.1,4.72,0
115.25,13.9,10.6,1.1,4.02,0
115.375,23.3,15,3.4,4.72,2
115.5,26.7,14.4,3.4,4.9,6
115.625,27.2,15.6,3.8,3.67,10
115.75,22.2,15,1.9,2.62,10
115.875,20.6,15.6,4.5,0.87,7
116,18.9,15,2.3,1.4,10
116.125,17.8,14.4,6.1,1.05,10
116.25,11.7,8.9,4.5,1.05,10
116.375,11.7,8.9,3.4,1.75,10
116.5,12.2,9.4,4.5,0.87,10
116.625,11.1,8.3,4.9,1.05,10
116.75,10.6,7.8,4.5,0.87,10
116.875,10.6,7.8,5.7,0.52,10
117,10,7.2,3.4,0.7,10
117.125,10.6,6.7,2.3,5.07,10
117.25,10.6,7.2,3,0.35,10
117.375,11.7,7.8,2.7,5.94,10
117.5,15,8.9,3.4,0.17,10
117.625,15,8.9,3.4,5.24,10
117.75,13.3,8.3,3,5.94,10
117.875,11.7,7.8,2.3,5.94,10
118,11.1,7.2,3,5.77,10
118.125,10.6,6.1,3.4,5.59,8
118.25,10,6.1,3,5.42,7
118.375,15,7.8,5.3,5.42,3
118.5,18.3,7.8,4.5,5.24,4
118.625,19.4,5,5.3,6.12,8
118.75,18.3,5,3.4,5.77,3
118.875,16.1,5.6,1.9,5.24,8
119,15.6,6.1,2.7,5.07,8
119.125,11.7,5.6,2.7,4.37,3
119.25,10,5.6,2.7,4.55,0
119.375,19.4,7.8,3.8,5.24,0
119.5,23.3,7.8,5.3,4.72,5
119.625,25,7.2,3.8,5.59,4
119.75,23.9,6.1,4.5,5.07,3
119.875,18.9,6.7,3.4,4.72,2
120,15.6,5.6,2.3,6.12,0
120.125,11.1,6.7,1.1,4.37,0
120.25,8.9,6.1,1.9,4.2,0
120.375,20,8.3,1.1,5.42,0
120.5,25,5.6,4.5,5.94,0
120.625,27.2,5.6,6.1,5.07,3
120.75,26.1,4.4,3,4.9,2
120.875,17.8,7.8,1.9,6.12,2
121,15,8.9,2.3,0.35,0
121.125,12.2,7.8,0,0,0
121.25,11.7,7.8,1.9,0.17,7
121.375,17.8,10.6,0,0,10
121.5,22.2,12.8,2.7,1.75,10
121.625,23.9,11.7,1.9,2.62,10
121.75,22.2,12.2,1.9,2.1,8
121.875,19.4,12.2,0,0,10
122,16.7,12.2,0,0,10
122.125,16.7,12.2,0,0,10
122.25,15.6,12.2,1.9,2.8,10
122.375,17.2,14.4,2.3,1.75,10
122.5,17.8,15.6,2.7,0.87,10
122.625,20,16.7,1.9,1.22,10
122.75,19.4,15.6,1.1,1.75,10
122.875,15.6,13.3,0,0,6
123,16.1,13.3,0,0,7
123.125,15,12.8,0,0,10
123.25,15.6,12.8,0,0,10
123.375,18.3,14.4,1.9,0.87,10
123.5,22.2,14.4,2.3,0.87,10
123.625,22.8,12.8,2.3,1.75,10
123.75,19.4,13.9,2.3,6.29,10
123.875,17.2,13.9,0,0,7
124,17.8,13.9,2.3,5.59,10
124.125,17.2,14.4,2.7,5.94,10
124.25,16.7,14.4,3,5.94,10
124.375,20.6,14.4,1.9,5.77,3
124.5,24.4,14.4,1.9,2.1,3
124.625,18.9,13.9,4.5,1.22,9
124.75,21.7,14.4,2.3,1.22,6
124.875,18.3,13.9,0,0,6
125,16.1,13.3,0,0,0
125.125,13.3,12.2,1.9,4.37,0
125.25,12.8,10.6,2.7,4.55,0
125.375,21.1,15.6,0,0,0
125.5,26.7,13.9,1.9,4.2,5
125.625,26.7,12.8,1.1,3.85,8
125.75,23.9,12.2,2.3,4.02,3
125.875,17.8,12.2,0,0,0
126,16.1,12.2,2.3,4.02,0
126.125,14.4,12.2,2.3,4.55,0
126.25,12.8,11.1,2.3,3.5,0
126.375,23.9,17.8,2.3,5.07,6
126.5,27.8,12.2,3.4,5.42,5
126.625,29.4,11.7,3.4,5.42,6
126.75,23.9,11.1,2.3,5.24,8
126.875,19.4,12.2,3.4,5.42,8
127,16.1,13.3,2.7,4.2,6
127.125,15,13.9,0,0,3
127.25,13.9,13.3,0,0,0
127.375,22.8,15.6,0,0,0
127.5,28.3,15,3,4.55,3
127.625,30.6,13.3,4.5,5.77,3
127.75,28.9,12.2,3.8,5.24,2
127.875,21.7,15,2.3,4.2,4
128,20.6,16.1,3,4.37,0
128.125,18.3,16.7,3.4,4.02,0
128.25,17.8,16.7,2.3,4.2,5
128.375,23.3,18.9,3.4,4.02,9
128.5,23.3,18.3,3,4.02,10
128.625,21.1,18.9,3,3.15,10
128.75,16.1,15.6,4.9,1.05,10
128.875,15,15,1.1,1.05,9
129,13.9,13.3,3,6.12,10
129.125,12.8,12.2,0,0,0
129.25,11.7,10.6,2.7,5.77,10
129.375,16.7,11.7,3,0.35,10
129.5,20.6,9.4,1.9,6.12,8
129.625,21.7,7.2,3.4,6.12,10
129.75,18.3,6.1,2.7,0.17,10
129.875,13.9,6.7,2.3,0.17,0
130,12.2,5.6,2.7,6.12,0
130.125,10,4.4,2.3,6.29,0
130.25,8.3,3.9,2.3,0.35,0
130.375,16.1,6.1,2.7,1.92,0
130.5,18.9,4.4,3.4,1.57,3
130.625,20.6,6.7,2.7,0.35,3
130.75,19.4,7.2,2.3,2.1,0
130.875,14.4,8.9,2.3,2.27,0
131,12.2,8.9,2.7,3.15,0
131.125,11.7,8.9,2.3,3.15,0
131.25,12.2,8.9,2.7,2.62,2
131.375,21.1,10.6,4.5,3.67,0
131.5,26.7,15,5.3,3.85,1
131.625,28.9,18.9,6.4,3.5,5
131.75,26.1,18.9,4.5,3.5,8
131.875,23.9,18.9,4.5,3.67,8
132,22.8,19.4,4.5,3.32,6
132.125,19.4,18.9,1.9,3.15,3
132.25,20.6,20,3.8,3.32,8
132.375,23.9,21.1,6.1,3.32,10
132.5,27.8,22.2,5.3,4.02,9
132.625,29.4,22.2,4.5,3.15,7
132.75,26.7,22.2,4.5,3.15,10
132.875,23.9,21.7,3.4,3.15,10
133,21.7,21.1,3.4,3.15,10
133.125,22.8,21.1,2.3,3.5,10
133.25,21.7,21.1,2.7,2.97,10
133.375,21.1,21.1,1.9,2.27,10
133.5,21.1,21.1,3,4.02,10
133.625,20,20,4.5,3.15,10
133.75,20,20,4.5,3.15,10
133.875,20,19.4,3,3.67,2
134,18.9,18.9,1.9,3.85,0
134.125,16.7,16.7,0,0,3
134.25,19.4,18.9,2.7,4.02,10
134.375,21.1,21.1,2.3,3.5,10
134.5,26.7,22.2,4.5,4.2,4
134.625,27.8,21.1,4.5,3.5,10
134.75,26.1,21.7,2.7,3.67,10
134.875,21.1,18.9,3.4,6.12,10
135,20,16.1,2.7,6.29,8
135.125,16.7,13.9,3.8,1.4,6
135.25,15.6,11.7,5.7,1.05,8
135.375,16.7,11.1,5.7,1.57,7
135.5,20,12.8,3.4,1.57,6
135.625,21.1,13.3,4.5,1.22,7
135.75,18.9,12.8,4.5,1.05,10
135.875,16.7,12.8,2.7,1.05,10
136,15.6,13.3,1.9,1.22,8
136.125,15.6,13.3,3.4,1.05,5
136.25,15.6,12.8,3.4,1.22,10
136.375,15,13.9,4.9,1.22,10
136.5,16.1,14.4,4.5,1.57,10
136.625,16.1,15.6,6.4,1.22,10
136.75,17.2,15,6.1,1.22,10
136.875,15.6,15.6,4.5,1.4,10
137,16.1,16.1,6.4,1.4,10
137.125,17.2,17.2,3,6.29,10
137.25,17.2,17.2,1.9,1.05,10
137.375,18.9,18.9,1.1,0.17,10
137.5,22.2,21.1,2.3,2.1,10
137.625,25.6,21.1,2.7,1.22,8
137.75,23.9,21.1,4.5,2.27,10
137.875,22.2,21.1,3,2.1,10
138,20,20,1.1,3.15,10
138.125,19.4,19.4,2.3,3.67,10
138.25,18.9,18.9,2.3,4.2,10
138.375,24.4,19.4,1.9,5.07,0
138.5,27.8,18.9,6.1,4.37,6
138.625,29.4,16.7,5.3,4.55,3
138.75,27.8,13.9,4.5,5.07,0
138.875,18.9,15.6,0,0,0
139,17.2,15.6,0,0,0
139.125,17.2,16.1,0,0,0
139.25,17.2,16.1,0,0,0
139.375,25,19.4,3,5.77,3
139.5,27.8,20.6,2.3,0.17,6
139.625,26.7,19.4,3,2.62,9
139.75,26.1,21.1,2.7,2.45,7
139.875,22.8,19.4,4.9,5.24,8
140,20.6,19.4,2.7,5.77,10
140.125,19.4,19.4,3,6.29,7
140.25,18.9,18.3,2.3,0.35,10
140.375,20.6,17.2,1.9,0.52,10
140.5,21.7,16.7,3,1.57,10
140.625,22.8,16.7,1.9,1.57,10
140.75,22.2,17.8,1.9,1.92,8
140.875,18.3,17.8,0,0,3
141,16.7,16.1,0,0,0
141.125,16.1,15,0,0,0
141.25,16.7,16.7,0,0,6
141.375,22.2,16.7,1.9,6.29,0
141.5,25,14.4,2.3,0.17,4
141.625,26.7,13.3,0,0,8
141.75,23.9,16.7,1.1,2.27,8
141.875,21.1,17.2,2.7,5.77,10
142,19.4,17.8,1.9,0.87,10
142.125,17.2,16.7,2.3,1.05,8
142.25,17.8,17.2,0,0,10
142.375,18.9,17.2,3.8,0.87,10
142.5,19.4,17.2,3,0.87,10
142.625,22.2,18.3,4.5,1.4,9
142.75,18.9,18.9,4.5,3.15,10
142.875,18.3,18.3,1.9,5.94,10
143,17.8,17.8,0,0,10
143.125,17.8,17.8,2.7,0.7,10
143.25,17.8,17.8,3,0.17,10
143.375,18.3,17.2,2.7,6.29,10
143.5,19.4,17.2,3,0.35,10
143.625,17.8,16.1,3.8,5.94,10
143.75,17.2,15.6,5.3,5.77,10
143.875,17.2,15.6,3.4,5.77,10
144,17.2,16.1,3,4.9,10
144.125,17.2,15.6,1.9,4.37,10
144.25,17.2,15.6,3.4,4.2,10
144.375,20,17.2,4.5,4.72,10
144.5,20.6,15.6,3,5.07,10
144.625,23.9,15.6,5.3,5.59,8
144.75,22.8,16.7,2.7,3.67,8
144.875,18.3,16.7,0,0,0
145,16.7,15.6,1.9,4.37,0
145.125,15,14.4,0,0,0
145.25,15.6,15,0,0,6
145.375,23.9,19.4,1.1,3.85,2
145.5,28.3,18.9,1.9,3.32,2
145.625,29.4,19.4,3,3.5,5
145.75,27.2,20,2.7,2.97,8
145.875,22.8,20.6,0,0,6
146,22.2,20,0,0,3
146.125,19.4,18.3,0,0,0
146.25,21.1,20,0,0,5
146.375,27.2,22.8,1.1,5.24,3
146.5,31.1,23.9,1.9,2.62,8
146.625,31.1,23.3,1.9,2.1,5
146.75,28.9,22.8,2.7,1.4,7
146.875,23.9,21.1,2.3,1.92,7
147,22.2,21.1,0,0,0
147.125,21.1,20,0,0,0
147.25,20,18.9,0,0,2
147.375,26.7,20,3.4,1.57,0
147.5,28.9,18.9,2.7,1.75,2
147.625,30.6,17.8,3,1.22,0
147.75,28.9,18.9,3,1.92,0
147.875,24.4,19.4,0,0,0
148,21.1,19.4,0,0,0
148.125,21.1,19.4,0,0,0
148.25,18.9,18.3,1.1,1.4,0
148.375,25,18.3,2.7,1.57,10
148.5,28.3,17.2,2.7,1.22,6
148.625,30.6,18.3,3.8,0.87,4
148.75,28.3,15.6,3.4,1.22,8
148.875,22.8,16.1,0,0,0
149,18.3,16.1,0,0,3
149.125,16.1,15.6,0,0,3
149.25,17.2,16.1,0,0,4
149.375,26.1,17.2,2.3,2.27,1
149.5,31.1,18.3,2.3,2.62,8
149.625,27.2,21.1,2.7,3.32,10
149.75,22.2,20.6,1.1,1.57,10
149.875,21.1,19.4,0,0,10
150,20.6,19.4,0,0,10
150.125,20,19.4,0,0,10
150.25,20.6,20,1.9,4.2,9
150.375,23.3,21.7,4.5,3.67,10
150.5,27.8,21.7,4.5,3.85,10
150.625,28.9,21.1,5.3,4.02,8
150.75,27.8,20.6,2.3,2.97,8
150.875,23.9,20.6,0,0,5
151,22.8,20,4.9,3.15,0
151.125,22.8,17.8,3.4,3.15,4
151.25,22.2,18.9,3,2.8,10
151.375,24.4,19.4,4.5,3.15,10
151.5,28.9,19.4,3,4.02,5
151.625,32.2,20,6.1,3.15,7
151.75,29.4,19.4,4.5,3.5,4
151.875,25,20.6,2.3,3.15,5
152,24.4,19.4,3.8,2.97,5
152.125,23.3,19.4,2.7,3.15,4
152.25,22.2,20,1.1,3.5,8
152.375,25,21.1,1.9,1.22,9
152.5,30.6,21.1,3.4,3.67,8
152.625,31.7,20.6,6.1,3.5,5
152.75,30,21.1,2.7,3.67,4
152.875,26.7,21.1,4.5,3.15,0
153,25,20.6,2.7,3.32,0
153.125,23.9,20.6,4.5,3.32,3
153.25,22.8,20,3.8,3.32,8
153.375,26.7,20.6,4.5,3.67,9
153.5,29.4,20,6.1,4.2,7
153.625,30,20,6.1,3.32,8
153.75,28.3,20.6,4.5,3.5,8
153.875,25,21.1,4.5,3.32,7
154,25,20.6,2.7,3.5,8
154.125,22.8,20,3.8,3.67,6
154.25,22.8,20,4.5,3.5,8
154.375,27.2,20,5.3,3.5,8
154.5,28.9,20,4.5,4.02,8
154.625,30,20.6,5.3,3.85,8
154.75,29.4,21.1,4.5,3.5,6
154.875,25.6,20.6,4.5,3.15,2
155,22.8,20,2.3,4.02,2
155.125,20.6,18.9,1.9,2.97,1
155.25,22.2,20.6,1.9,4.2,5
155.375,27.8,21.7,5.3,4.02,4
155.5,30,21.7,3,4.2,7
155.625,31.1,20,3,3.5,5
155.75,30,21.1,2.7,4.02,10
155.875,26.1,21.7,0,0,5
156,23.9,21.7,2.7,2.97,6
156.125,22.8,20.6,0,0,7
156.25,22.2,20.6,0,0,5
156.375,28.9,20,3.8,3.85,5
156.5,31.7,20.6,4.5,3.67,5
156.625,33.3,21.1,3.4,3.5,4
156.75,31.1,21.7,2.7,3.67,2
156.875,27.2,22.2,3.4,3.32,2
157,24.4,20.6,2.3,4.2,3
157.125,22.8,20,0,0,3
157.25,21.7,20,0,0,10
157.375,28.3,21.1,4.5,4.2,0
157.5,32.2,20.6,4.5,3.32,4
157.625,32.2,19.4,3.4,3.5,5
157.75,31.1,19.4,3.4,3.5,0
157.875,25,18.9,2.3,3.15,0
158,22.8,19.4,0,0,0
158.125,21.7,19.4,1.9,4.2,1
158.25,23.9,21.1,3.4,4.02,10
158.375,26.7,22.8,3,4.2,10
158.5,32.2,22.2,5.3,3.67,6
158.625,33.3,22.8,4.5,3.5,5
158.75,31.7,22.2,3.8,3.67,4
158.875,27.2,22.2,2.7,3.15,3
159,24.4,21.7,0,0,0
159.125,23.9,21.7,3.4,3.85,0
159.25,23.3,21.7,2.3,3.15,5
159.375,27.2,22.8,5.3,4.37,10
159.5,30.6,23.3,5.3,3.67,7
159.625,33.3,22.8,6.4,3.67,4
159.75,31.7,23.3,3.4,3.85,10
159.875,28.9,23.9,3,4.02,6
160,27.2,23.9,3.4,4.2,3
160.125,27.8,23.9,3.4,5.94,10
160.25,26.7,18.9,4.5,0.35,10
160.375,25,17.2,6.8,0.52,10
160.5,24.4,16.1,4.5,0.35,10
160.625,25,16.1,3.4,5.77,10
160.75,22.2,15.6,4.9,0.7,7
160.875,20.6,15,3.4,6.29,5
161,18.9,13.9,2.7,6.29,3
161.125,17.2,11.7,3.4,6.29,4
161.25,16.7,11.1,2.7,0.17,5
161.375,21.1,11.1,3,1.05,9
161.5,23.9,10,3.4,0.35,8
161.625,26.7,8.9,3.4,0.52,4
161.75,25.6,10,3,4.9,0
161.875,18.3,12.2,0,0,0
162,16.1,13.9,1.9,4.2,0
162.125,14.4,12.2,2.3,4.37,2
162.25,14.4,10,1.9,4.37,0
162.375,25,13.9,3.4,5.42,0
162.5,28.9,10.6,3,6.29,0
162.625,30.6,13.3,4.5,0.52,4
162.75,30,12.8,1.1,2.1,1
162.875,22.2,16.1,1.9,4.2,0
163,20,17.2,1.9,4.55,0
163.125,18.3,16.1,0,0,0
163.25,18.3,16.1,3,0.7,6
163.375,23.9,16.1,3,0.87,5
163.5,28.9,17.2,3.4,1.05,3
163.625,31.1,15.6,2.7,1.75,2
163.75,29.4,13.9,3,0.52,2
163.875,22.2,14.4,2.7,1.22,1
164,17.8,12.2,2.7,1.05,0
164.125,16.1,11.1,0,0,0
164.25,15,8.3,2.3,0.87,4
164.375,22.8,10.6,3.8,1.75,3
164.5,27.2,10,2.7,1.22,8
164.625,28.9,10.6,2.3,1.57,9
164.75,28.3,8.9,1.9,1.57,7
164.875,20.6,11.7,0,0,3
165,17.2,12.2,0,0,1
165.125,15,12.8,0,0,1
165.25,14.4,13.3,0,0,0
165.375,26.1,13.9,2.3,3.5,0
165.5,31.1,14.4,3.4,4.02,0
165.625,32.2,15.6,2.7,4.02,0
165.75,30.6,15.6,4.5,3.32,0
165.875,25,17.2,2.7,2.97,0
166,22.2,17.2,0,0,0
166.125,21.7,16.7,0,0,0
166.25,19.4,17.2,0,0,0
166.375,27.8,17.2,5.3,4.2,0
166.5,31.7,16.1,6.4,4.02,0
166.625,32.8,16.1,5.7,3.85,0
166.75,31.1,16.7,3.4,3.85,0
166.875,26.1,17.2,3.4,3.32,0
167,23.3,16.7,3,3.67,0
167.125,21.7,16.7,2.7,4.02,0
167.25,21.1,18.3,1.9,3.5,0
167.375,28.3,20,4.5,4.2,0
167.5,32.2,18.9,6.4,3.85,3
167.625,33.9,18.9,5.3,4.02,0
167.75,31.7,18.9,4.5,3.67,2
167.875,26.7,25,0,0,4
168,23.3,20,2.3,3.5,0
168.125,23.9,20.6,4.9,3.85,0
168.25,23.9,21.1,4.5,3.85,0
168.375,28.9,22.8,4.5,4.55,5
168.5,31.7,22.2,2.7,4.2,9
168.625,32.2,22.2,4.5,3.85,10
168.75,22.8,18.9,3.4,0.35,10
168.875,22.8,18.3,2.3,5.94,5
169,21.1,18.3,3,1.05,4
169.125,20,18.9,2.7,1.05,8
169.25,19.4,18.3,2.3,1.22,10
169.375,21.1,17.8,3,0.7,10
169.5,21.7,18.3,1.9,4.37,10
169.625,20,18.9,1.9,0.17,10
169.75,23.9,21.1,2.7,6.29,9
169.875,21.7,20,3.4,6.29,9
170,20.6,19.4,0,0,10
170.125,20,18.9,0,0,10
170.25,20.6,19.4,0,0,8
170.375,24.4,21.7,0,0,7
170.5,28.3,21.1,1.9,1.05,8
170.625,31.7,22.2,1.9,1.22,3
170.75,28.9,22.8,2.7,1.75,7
170.875,25,22.2,1.9,1.57,0
171,23.9,21.1,0,0,4
171.125,22.2,21.1,0,0,3
171.25,22.2,20.6,2.3,1.22,10
171.375,23.3,21.1,1.9,6.29,10
171.5,23.9,21.7,3,5.77,10
171.625,28.9,21.1,2.3,5.77,7
171.75,29.4,20,2.3,2.97,4
171.875,24.4,20.6,0,0,0
172,22.8,20.6,0,0,0
172.125,21.1,20.6,2.3,1.57,10
172.25,22.2,21.1,2.3,0.7,10
172.375,21.1,19.4,2.7,0.7,10
172.5,20.6,16.7,5.3,1.4,10
172.625,21.1,17.2,3,0.52,10
172.75,21.1,17.2,2.7,0.52,10
172.875,19.4,15.6,2.3,0.7,4
173,18.3,15,1.1,0.35,8
173.125,18.9,14.4,0,0,10
173.25,19.4,15,1.9,6.12,10
173.375,23.3,15.6,3.4,1.05,9
173.5,26.7,17.8,1.9,5.59,3
173.625,28.3,19.4,2.7,1.05,8
173.75,27.8,19.4,3,0.87,3
173.875,23.9,19.4,0,0,0
174,20.6,18.9,0,0,0
174.125,19.4,18.9,0,0,0
174.25,19.4,18.3,0,0,5
174.375,27.8,18.9,2.3,2.8,5
174.5,31.1,20,3,4.02,9
174.625,31.1,20,3.4,4.02,10
174.75,28.9,21.1,3,3.85,10
174.875,26.1,21.7,3.4,4.2,10
175,23.9,19.4,1.9,3.67,10
175.125,21.7,19.4,1.1,4.02,8
175.25,20.6,19.4,0,0,0
175.375,26.7,21.1,4.9,4.02,1
175.5,28.9,22.8,1.9,3.85,5
175.625,31.1,23.9,5.3,4.02,7
175.75,30,23.9,3.4,3.67,8
175.875,27.2,23.9,1.9,3.5,8
176,27.2,23.9,3,3.85,6
176.125,26.1,23.9,2.3,4.37,4
176.25,24.4,21.7,1.9,3.15,7
176.375,27.8,25,0,0,9
176.5,29.4,26.7,4.5,2.62,8
176.625,32.2,25.6,3.4,2.62,9
176.75,31.1,25.6,3,2.97,9
176.875,29.4,25.6,2.7,3.15,4
177,27.2,25.6,0,0,4
177.125,25.6,24.4,0,0,7
177.25,25,24.4,1.9,1.57,10
177.375,30.6,25.6,1.9,5.24,5
177.5,32.8,25.6,3,1.57,4
177.625,34.4,25.6,2.7,3.5,6
177.75,33.3,25.6,1.9,3.85,7
177.875,30,25.6,2.7,1.22,9
178,28.3,25.6,1.9,1.22,5
178.125,27.2,25.6,1.9,1.05,6
178.25,26.7,25,2.3,0.87,0
178.375,31.1,25.6,3.4,1.57,6
178.5,35,25.6,4.5,1.92,8
178.625,36.1,25.6,2.7,1.57,8
178.75,33.9,25,3,1.75,8
178.875,29.4,25,2.3,2.1,0
179,27.2,24.4,1.9,1.92,0
179.125,27.2,24.4,1.9,1.57,1
179.25,26.1,23.9,1.1,1.92,3
179.375,31.7,25,3,2.45,0
179.5,34.4,25.6,3.4,3.32,5
179.625,36.7,25.6,3,2.62,6
179.75,34.4,25.6,3,3.32,3
179.875,30,25,2.7,3.15,0
180,28.3,24.4,2.7,2.97,0
180.125,26.7,23.3,3,3.15,0
180.25,26.1,23.9,1.1,3.32,0
180.375,32.2,24.4,3.4,4.02,3
180.5,35.6,24.4,4.9,3.32,7
180.625,37.2,23.9,6.1,3.32,1
180.75,35.6,23.3,4.9,3.67,0
180.875,31.1,23.3,3.4,3.67,0
181,28.9,24.4,4.9,3.67,0
181.125,27.8,24.4,3.4,3.85,0
181.25,27.2,23.9,3,4.2,5
181.375,30,24.4,4.5,3.85,4
181.5,33.9,24.4,2.3,3.85,10
181.625,37.2,24.4,3,5.59,6
181.75,35.6,22.2,2.7,0.52,0
181.875,28.9,21.7,0,0,0
182,24.4,21.7,1.9,4.02,0
182.125,24.4,22.2,0,0,0
182.25,25,22.8,0,0,7
182.375,33.3,24.4,3,4.02,5
182.5,36.7,23.3,4.5,4.02,7
182.625,37.2,23.3,3.4,4.02,6
182.75,35,24.4,5.3,4.02,2
182.875,30,23.9,3.4,3.85,0
183,27.2,23.9,2.3,3.5,0
183.125,26.1,23.9,2.3,4.02,0
183.25,25,23.9,2.7,4.37,0
183.375,32.2,26.1,3.4,4.55,4
183.5,37.2,23.9,3.4,3.67,0
183.625,38.3,22.8,3,4.02,0
183.75,36.7,22.8,4.5,3.5,0
183.875,31.7,23.3,3.8,4.02,0
184,28.9,23.3,3.4,4.2,0
184.125,26.1,22.8,2.3,4.37,0
184.25,24.4,22.8,1.9,3.32,0
184.375,31.7,25,2.3,4.02,0
184.5,37.2,23.9,3,4.9,0
184.625,38.9,22.8,3.8,3.15,0
184.75,36.7,22.8,3.8,3.5,4
184.875,31.7,23.9,3.4,3.15,5
185,30,23.3,2.3,4.37,2
185.125,26.1,23.3,0,0,0
185.25,23.9,22.2,1.9,2.45,1
185.375,32.2,24.4,4.5,3.85,6
185.5,36.7,23.9,3,4.55,7
185.625,37.8,23.3,3,3.15,6
185.75,35.6,24.4,4.5,3.67,2
185.875,31.1,25,3.8,3.32,0
186,29.4,22.8,4.5,3.85,0
186.125,26.7,21.1,3.4,3.85,0
186.25,24.4,21.1,2.3,4.02,0
186.375,30.6,22.2,4.5,4.37,0
186.5,34.4,22.8,2.3,4.2,0
186.625,36.7,22.8,3.4,2.8,0
186.75,33.9,21.7,3.8,3.5,0
186.875,28.9,20.6,3,3.85,0
187,26.7,21.7,2.7,4.02,0
187.125,24.4,21.7,2.3,4.37,0
187.25,24.4,22.2,1.1,4.2,0
187.375,31.7,23.3,4.5,4.37,0
187.5,36.1,22.2,4.5,3.15,3
187.625,37.2,22.8,4.5,3.5,4
187.75,36.1,21.7,3.4,3.15,3
187.875,30.6,22.8,2.3,4.02,0
188,28.3,22.8,3,4.2,0
188.125,26.7,22.8,1.1,4.2,0
188.25,25,22.8,2.3,4.2,0
188.375,33.3,22.8,2.7,4.02,0
188.5,37.2,21.7,3,3.32,3
188.625,38.3,20.6,0,0,5
188.75,36.7,22.2,3.4,3.5,0
188.875,30.6,23.3,2.3,3.32,0
189,28.3,23.3,2.7,4.02,0
189.125,25.6,22.8,0,0,0
189.25,25.6,23.3,0,0,0
189.375,33.3,23.9,3.4,4.55,0
189.5,37.2,22.2,3.4,4.72,3
189.625,38.9,22.2,3.4,4.2,4
189.75,37.2,21.7,4.5,3.85,2
189.875,31.1,22.8,2.3,3.32,0
190,30,23.3,3.4,3.85,0
190.125,27.8,23.3,2.3,4.37,0
190.25,26.7,23.3,2.7,3.85,0
190.375,32.2,23.9,2.3,4.37,0
190.5,37.2,22.8,3.4,3.32,2
190.625,38.9,22.2,2.3,3.15,2
190.75,37.2,20.6,4.5,2.97,0
190.875,31.7,22.8,2.7,3.67,0
191,27.8,22.8,1.9,2.62,0
191.125,26.1,22.8,2.3,4.2,0
191.25,25,23.3,1.9,4.02,0
191.375,33.9,22.8,3.8,4.55,0
191.5,37.8,21.7,4.5,3.67,2
191.625,38.9,21.7,2.7,3.85,3
191.75,36.1,23.3,3.4,3.32,10
191.875,32.2,22.8,2.7,3.32,4
192,30,22.8,2.7,4.2,5
192.125,27.8,22.8,2.3,4.02,0
192.25,25.6,22.2,0,0,0
192.375,33.9,22.8,4.5,4.37,2
192.5,38.9,20.6,3,4.02,4
192.625,40,18.9,2.3,4.72,6
192.75,36.7,18.9,3.4,3.67,7
192.875,31.1,21.7,2.3,4.02,4
193,30,21.1,4.5,4.2,0
193.125,27.2,20,1.1,4.37,0
193.25,25.6,21.1,2.7,4.02,0
193.375,33.3,21.7,4.5,4.2,0
193.5,37.8,18.9,1.9,4.37,0
193.625,40.6,16.7,3.4,3.5,0
193.75,37.8,17.8,3.4,3.32,0
193.875,32.2,18.9,3,3.67,0
194,28.3,19.4,2.7,4.37,0
194.125,25,20,2.3,4.2,3
194.25,25,20.6,2.7,4.2,0
194.375,33.3,21.7,3.4,4.2,0
194.5,38.9,18.3,3,3.67,0
194.625,40.6,19.4,3.8,3.67,0
194.75,38.3,19.4,5.3,3.67,0
194.875,31.7,19.4,3,3.67,0
195,29.4,20.6,1.9,4.02,0
195.125,28.3,21.1,3.4,4.2,0
195.25,26.7,21.1,1.9,4.55,0
195.375,35.6,22.2,2.7,4.55,0
195.5,39.4,18.9,1.1,6.12,0
195.625,42.2,19.4,4.5,2.1,0
195.75,39.4,18.9,3.8,3.67,0
195.875,32.2,18.9,2.3,4.2,0
196,30.6,20,3.4,4.37,0
196.125,27.2,20.6,1.9,4.02,0
196.25,26.1,20.6,0,0,0
196.375,35,20,2.3,4.72,0
196.5,39.4,17.2,2.7,4.9,1
196.625,41.1,18.3,5.3,4.72,0
196.75,39.4,16.7,5.3,3.67,0
196.875,32.8,18.9,3.4,4.02,0
197,30,21.1,2.7,3.85,0
197.125,27.2,21.7,0,0,0
197.25,26.1,21.7,0,0,0
197.375,33.3,22.2,2.7,4.37,0
197.5,38.9,20,3,3.5,0
197.625,41.1,19.4,4.9,4.02,2
197.75,38.9,20.6,3.8,3.32,0
197.875,33.9,20,3.4,4.02,0
198,28.9,20.6,2.3,4.55,0
198.125,25.6,21.1,2.3,4.2,0
198.25,26.1,21.1,1.1,3.5,0
198.375,34.4,21.1,4.5,4.55,0
198.5,38.9,18.9,4.5,3.85,0
198.625,41.1,18.3,3.4,3.85,0
198.75,40,18.3,3.8,3.5,0
198.875,32.8,19.4,3,3.32,0
199,31.1,20,3.4,4.02,0
199.125,28.3,20,2.3,4.2,0
199.25,26.1,21.1,1.9,4.02,10
199.375,32.8,21.1,3.4,4.55,4
199.5,40,18.9,1.9,0.17,0
199.625,38.3,17.8,2.3,5.42,7
199.75,31.1,20,3.4,5.42,10
199.875,28.9,18.9,2.3,0.7,10
200,27.2,19.4,0,0,3
200.125,23.9,20,0,0,0
200.25,23.9,20.6,1.9,4.2,0
200.375,32.2,19.4,2.3,5.94,0
200.5,38.9,19.4,1.1,4.37,0
200.625,42.2,18.3,4.5,3.15,3
200.75,38.9,17.2,2.7,2.1,4
200.875,29.4,18.9,6.4,2.45,2
201,27.2,18.3,2.7,4.9,2
201.125,24.4,19.4,1.1,2.62,2
201.25,23.3,20,0,0,1
201.375,31.1,21.1,3,2.1,0
201.5,35.6,21.1,1.9,3.15,0
201.625,37.8,19.4,1.9,2.27,0
201.75,35,18.9,3.4,2.8,0
201.875,30,22.2,2.7,2.45,0
202,27.8,20,1.1,2.97,0
202.125,25,20.6,0,0,0
202.25,23.3,20.6,0,0,0
202.375,30,21.1,1.9,3.32,0
202.5,34.4,20.6,4.5,1.92,5
202.625,36.7,20,4.9,2.45,3
202.75,34.4,20.6,3,2.1,3
202.875,29.4,21.1,1.9,2.1,0
203,26.7,21.1,2.7,2.62,0
203.125,24.4,21.7,0,0,8
203.25,24.4,22.2,2.7,1.05,10
203.375,26.1,22.2,4.5,1.05,10
203.5,28.3,22.2,4.5,0.7,10
203.625,28.3,21.7,5.7,0.87,8
203.75,26.1,21.7,4.5,0.7,10
203.875,24.4,22.2,2.3,0.35,10
204,23.9,21.7,4.5,6.12,10
204.125,23.3,22.2,3.8,0.17,10
204.25,23.9,21.7,2.7,5.94,8
204.375,27.8,21.7,5.3,0.35,7
204.5,33.3,20.6,4.9,0.7,8
204.625,36.1,16.7,5.3,0.52,5
204.75,32.8,19.4,4.9,1.57,0
204.875,26.7,19.4,1.9,1.05,0
205,23.3,19.4,0,0,0
205.125,23.3,20.6,2.3,0.52,0
205.25,22.2,17.2,2.3,0.35,0
205.375,28.3,16.7,3.8,1.05,0
205.5,32.8,15,4.5,0.7,3
205.625,33.9,15.6,4.5,1.57,1
205.75,31.1,16.1,3,1.57,0
205.875,24.4,17.2,1.9,1.75,0
206,22.2,17.8,0,0,0
206.125,21.7,18.3,2.3,0.87,0
206.25,20.6,17.8,1.9,6.29,0
206.375,27.8,18.3,3.8,1.22,0
206.5,32.8,16.7,4.5,1.75,5
206.625,33.9,16.1,3,1.05,3
206.75,31.7,15.6,4.5,1.92,0
206.875,25.6,16.7,2.7,2.1,0
207,21.1,17.8,0,0,0
207.125,19.4,17.8,0,0,0
207.25,18.9,17.8,0,0,0
207.375,28.3,18.3,2.3,2.1,0
207.5,31.7,16.7,1.9,1.22,2
207.625,35,16.7,3,2.1,1
207.75,33.3,16.1,3.4,2.27,0
207.875,26.7,17.2,2.3,2.8,0
208,25,18.3,0,0,0
208.125,23.3,19.4,0,0,0
208.25,22.2,20,0,0,0
208.375,30.6,20,1.9,4.2,5
208.5,36.1,17.8,4.5,3.85,8
208.625,27.8,22.2,2.7,2.1,7
208.75,27.8,22.8,3.8,5.24,10
208.875,22.2,21.1,4.9,3.85,10
209,22.8,20,1.9,5.07,10
209.125,21.7,20.6,1.1,4.37,5
209.25,22.2,21.1,0,0,8
209.375,26.1,21.1,2.7,3.67,8
209.5,30.6,23.3,5.3,3.15,6
209.625,32.8,22.2,5.3,3.85,3
209.75,27.2,22.2,4.5,1.75,8
209.875,25.6,22.8,1.9,4.02,9
210,23.9,22.8,1.9,4.02,10
210.125,22.8,22.2,1.9,3.15,3
210.25,22.2,22.2,0,0,10
210.375,23.3,23.3,1.9,1.4,10
210.5,31.1,22.8,1.9,1.22,2
210.625,34.4,20,1.9,1.75,2
210.75,32.2,20,3.4,2.8,0
210.875,26.7,21.1,0,0,0
211,23.9,21.1,2.3,4.2,0
211.125,22.2,20,0,0,0
211.25,21.1,19.4,0,0,0
211.375,31.1,25,2.3,3.85,2
211.5,36.1,17.2,3,4.9,5
211.625,38.9,18.3,2.3,3.5,0
211.75,36.1,17.8,4.9,3.85,9
211.875,26.1,21.7,2.7,4.9,9
212,25.6,22.2,2.7,4.37,0
212.125,25,21.7,0,0,0
212.25,23.3,20.6,0,0,0
212.375,32.2,21.1,1.9,5.77,0
212.5,38.9,17.8,3.4,5.42,0
212.625,40,20.6,3.4,2.45,1
212.75,38.3,18.9,2.3,3.15,3
212.875,30,21.7,0,0,2
213,27.8,21.1,1.9,4.2,0
213.125,25,21.1,1.9,4.02,0
213.25,24.4,21.7,2.3,4.37,0
213.375,33.3,22.2,2.3,4.2,0
213.5,38.9,18.9,2.3,6.29,0
213.625,40.6,18.9,3.8,3.15,2
213.75,38.9,18.3,3,3.15,2
213.875,31.7,19.4,2.3,3.85,3
214,27.2,20.6,1.1,2.27,0
214.125,24.4,21.1,1.1,3.15,0
214.25,25,22.2,0,0,7
214.375,31.1,22.8,3.4,4.2,0
214.5,38.3,18.3,2.7,3.67,5
214.625,38.3,18.3,2.7,4.02,5
214.75,36.1,18.3,5.3,3.67,0
214.875,30.6,20,3,2.8,0
215,28.3,21.7,3,3.85,0
215.125,26.1,21.7,3,4.02,0
215.25,23.9,21.7,2.3,3.5,0
215.375,30.6,21.7,5.3,4.2,0
215.5,35.6,20,6.4,4.2,0
215.625,37.2,18.3,6.1,4.02,2
215.75,35,18.9,4.9,3.67,0
215.875,29.4,20.6,4.5,3.32,0
216,28.9,20,3.8,3.67,0
216.125,27.2,20.6,4.9,4.02,5
216.25,26.1,21.1,2.7,3.5,10
216.375,28.3,22.8,6.1,3.85,10
216.5,32.2,23.9,3.8,3.67,10
216.625,34.4,23.3,5.3,4.37,8
216.75,32.8,22.2,3.4,3.85,8
216.875,28.9,22.2,0,0,10
217,27.8,22.8,2.7,3.5,8
217.125,26.7,21.7,3.4,3.85,10
217.25,26.7,21.7,4.5,3.67,10
217.375,28.3,22.8,5.7,3.85,8
217.5,34.4,21.1,5.3,4.2,7
217.625,35,20.6,5.3,3.85,4
217.75,31.7,19.4,2.3,3.15,8
217.875,26.1,21.1,3.4,2.62,2
218,26.1,21.7,3.4,3.15,0
218.125,24.4,22.2,1.9,4.02,0
218.25,23.9,22.2,2.3,4.02,8
218.375,29.4,24.4,5.3,4.02,9
218.5,33.9,22.2,5.7,3.85,7
218.625,36.1,21.7,4.5,3.32,7
218.75,33.9,20.6,5.3,3.15,6
218.875,29.4,22.8,3,3.15,0
219,26.7,22.2,3,3.15,0
219.125,24.4,21.7,0,0,0
219.25,24.4,21.7,1.9,3.85,7
219.375,31.7,22.8,3.4,4.02,6
219.5,37.2,20,3.8,3.15,3
219.625,38.3,19.4,4.5,3.32,3
219.75,36.1,19.4,4.5,2.45,5
219.875,30,22.2,2.7,2.8,0
220,25.6,22.2,2.3,3.15,0
220.125,25,21.7,0,0,0
220.25,23.3,21.7,0,0,0
220.375,32.2,22.2,3,4.72,0
220.5,36.7,21.7,3.4,3.5,1
220.625,38.9,18.3,3.8,2.45,1
220.75,36.1,20.6,3.8,1.92,2
220.875,30.6,22.8,2.3,2.27,0
221,26.7,22.8,0,0,0
221.125,25,22.8,1.9,4.2,0
221.25,25.6,23.3,0,0,0
221.375,32.8,22.8,2.3,4.2,0
221.5,37.8,21.1,4.9,2.27,2
221.625,38.3,21.1,3.4,1.05,3
221.75,36.1,20,4.5,2.27,0
221.875,30,21.1,1.9,2.45,0
222,28.3,22.2,2.3,3.15,0
222.125,25,22.2,0,0,0
222.25,24.4,22.2,0,0,7
222.375,32.8,22.8,0,0,0
222.5,37.2,22.2,1.9,1.05,4
222.625,36.1,21.1,5.3,3.5,4
222.75,31.7,20.6,2.7,3.15,7
222.875,26.7,21.1,0,0,4
223,26.1,22.2,0,0,4
223.125,23.9,22.2,0,0,10
223.25,22.8,21.7,0,0,3
223.375,31.1,22.8,3,4.9,5
223.5,36.1,20.6,3.4,2.62,10
223.625,37.2,20.6,4.5,4.02,10
223.75,35,20.6,4.5,3.5,9
223.875,30.6,20.6,3.8,3.67,4
224,25,20.6,1.9,2.45,0
224.125,25,21.1,1.1,3.15,3
224.25,25,21.1,0,0,8
224.375,31.7,22.2,3,4.55,5
224.5,38.9,18.3,3,3.67,7
224.625,37.8,18.3,5.3,3.5,7
224.75,35.6,18.9,3.4,3.67,10
224.875,30,19.4,2.3,3.15,0
225,27.8,21.7,3.4,4.2,0
225.125,26.1,21.7,2.7,4.2,1
225.25,26.1,20.6,2.3,5.42,6
225.375,31.7,22.2,2.7,1.22,0
225.5,37.8,22.2,3.8,1.92,1
225.625,37.8,21.1,3.8,1.57,8
225.75,33.3,19.4,2.3,0.35,9
225.875,29.4,22.2,1.1,2.45,4
226,28.3,22.8,0,0,0
226.125,25,22.8,1.9,2.45,0
226.25,23.9,22.2,0,0,3
226.375,32.2,22.2,3,3.67,8
226.5,37.2,21.1,1.9,3.32,8
226.625,37.8,20.6,3,2.62,6
226.75,30.6,20.6,4.5,0.87,10
226.875,25.6,21.1,3.4,2.1,4
227,26.1,22.2,1.9,2.27,6
227.125,25,22.2,0,0,0
227.25,25,22.2,1.9,4.37,6
227.375,30.6,23.3,2.7,4.72,0
227.5,35,21.7,3,2.27,3
227.625,33.9,21.1,5.3,2.27,9
227.75,31.7,23.3,4.5,2.62,9
227.875,29.4,21.7,2.7,3.15,2
228,27.2,22.8,2.7,2.8,0
228.125,26.7,22.2,3,4.02,0
228.25,25,22.2,2.3,3.5,7
228.375,31.1,22.2,4.5,3.85,3
228.5,35.6,20.6,4.5,3.85,6
228.625,37.2,20,4.9,3.32,4
228.75,34.4,20,3.4,2.97,6
228.875,30.6,20,2.3,2.62,1
229,29.4,19.4,4.9,3.32,5
229.125,27.2,18.9,3,3.67,0
229.25,24.4,19.4,2.3,4.2,3
229.375,30,22.2,4.5,3.85,3
229.5,33.3,22.2,3.4,4.02,5
229.625,36.7,21.7,5.3,3.67,8
229.75,35,20.6,3,3.85,2
229.875,30.6,20.6,2.7,3.32,0
230,27.2,20,2.7,2.97,2
230.125,26.7,21.1,2.3,3.85,2
230.25,25,21.7,2.3,4.02,0
230.375,31.1,22.2,3.4,3.85,0
230.5,36.7,19.4,3.4,2.8,1
230.625,38.3,16.7,4.5,3.32,0
230.75,36.7,16.7,4.5,3.5,0
230.875,29.4,17.8,2.7,3.15,0
231,26.7,17.8,0,0,0
231.125,26.7,20,2.3,3.67,0
231.25,25,20,2.7,3.85,0
231.375,32.2,21.1,3.4,4.2,0
231.5,37.8,21.7,4.9,3.32,1
231.625,37.8,18.3,4.5,4.02,3
231.75,35.6,17.8,2.7,3.15,2
231.875,30,19.4,2.7,2.97,0
232,27.8,21.1,3.4,2.97,0
232.125,26.7,20.6,2.3,3.85,0
232.25,25.6,20.6,2.7,4.02,0
232.375,31.7,21.7,3,4.37,0
232.5,37.2,20.6,4.5,3.32,4
232.625,38.9,17.8,4.5,3.32,4
232.75,36.7,16.7,3.8,3.85,0
232.875,28.3,18.3,1.1,1.05,0
233,24.4,18.3,1.9,2.27,0
233.125,23.9,18.3,0,0,0
233.25,23.3,18.9,2.3,4.2,0
233.375,31.7,20,3.4,4.55,0
233.5,36.7,19.4,4.5,4.37,3
233.625,38.9,17.8,6.1,4.55,2
233.75,37.2,17.2,3.8,4.02,0
233.875,32.2,16.7,2.7,3.85,0
234,28.3,16.7,2.3,3.85,0
234.125,23.3,17.2,0,0,0
234.25,24.4,18.3,1.9,4.2,0
234.375,33.3,18.3,2.3,0.7,0
234.5,38.3,17.8,2.7,5.42,0
234.625,39.4,15.6,3,5.94,7
234.75,36.1,17.8,2.7,1.92,6
234.875,28.3,16.7,2.3,1.05,0
235,23.9,14.4,2.3,1.05,0
235.125,23.3,11.7,2.3,0.87,0
235.25,23.3,11.7,4.5,0.52,0
235.375,28.9,16.1,5.7,1.05,0
235.5,32.8,15.6,4.5,0.87,0
235.625,35,14.4,2.3,0.52,0
235.75,32.8,12.2,3.4,2.1,0
235.875,25.6,13.9,0,0,0
236,21.7,15.6,0,0,0
236.125,22.2,14.4,2.3,0.87,0
236.25,20.6,14.4,1.9,0.35,0
236.375,27.8,15.6,2.7,1.05,0
236.5,32.2,13.9,3.4,1.75,0
236.625,35,12.8,4.9,1.57,0
236.75,31.7,12.2,4.5,1.92,0
236.875,23.3,15,1.9,0.7,0
237,20,15.6,0,0,0
237.125,18.3,15.6,1.9,1.4,0
237.25,20,16.1,2.3,0.17,0
237.375,27.8,16.7,3.4,1.4,0
237.5,32.8,17.8,2.3,1.05,0
237.625,34.4,18.9,3.8,1.22,0
237.75,32.8,18.9,2.7,2.1,0
237.875,26.1,20,0,0,0
238,24.4,19.4,0,0,0
238.125,20.6,18.9,0,0,0
238.25,21.7,18.9,0,0,4
238.375,30,19.4,0,0,1
238.5,35,16.7,2.3,1.4,3
238.625,38.3,16.7,3.4,2.45,2
238.75,35,16.7,3,2.1,0
238.875,27.2,18.3,1.9,2.1,0
239,25,18.3,1.1,0.35,0
239.125,22.2,18.3,0,0,0
239.25,21.7,18.9,0,0,5
239.375,31.1,18.9,1.9,4.9,3
239.5,36.7,16.7,2.7,4.9,3
239.625,37.8,15.6,3.4,2.27,1
239.75,34.4,16.7,3.4,2.45,4
239.875,27.2,18.3,2.3,2.27,0
240,26.7,17.8,2.7,3.15,3
240.125,24.4,18.9,0,0,7
240.25,22.8,19.4,0,0,5
240.375,30,20.6,1.9,4.02,5
240.5,35,19.4,3.8,2.1,4
240.625,35.6,15.6,4.5,2.45,4
240.75,32.2,16.1,3.4,2.1,5
240.875,27.8,16.7,3,2.8,1
241,23.3,17.2,1.9,3.32,0
241.125,21.7,17.2,2.3,4.37,0
241.25,20,17.2,0,0,8
241.375,26.1,18.3,1.1,3.15,5
241.5,30.6,17.2,2.7,2.1,7
241.625,33.9,17.2,3.4,2.97,5
241.75,31.1,17.2,3.4,2.45,3
241.875,25.6,18.3,1.9,2.27,2
242,22.8,18.9,2.7,2.1,2
242.125,20,18.9,0,0,0
242.25,19.4,18.9,0,0,2
242.375,26.7,20.6,2.7,3.85,0
242.5,32.2,20,1.9,3.15,4
242.625,32.8,20,3.4,0.87,10
242.75,24.4,20,3.4,3.5,6
242.875,22.8,19.4,2.3,3.67,3
243,20.6,19.4,2.3,2.45,0
243.125,20.6,19.4,1.1,2.62,5
243.25,21.1,20,1.9,3.67,3
243.375,25,21.7,3,3.32,6
243.5,31.1,21.1,3.4,3.5,4
243.625,33.9,18.9,4.5,3.32,5
243.75,32.8,18.3,3,3.67,1
243.875,27.2,19.4,2.7,2.97,0
244,24.4,19.4,2.7,2.97,0
244.125,25.6,20,3.8,3.5,0
244.25,22.8,20,2.3,3.15,0
244.375,28.3,21.7,3.4,4.02,8
244.5,32.8,20.6,4.5,4.2,3
244.625,36.7,18.9,6.4,3.85,4
244.75,34.4,18.3,4.5,3.15,4
244.875,27.8,20,2.3,2.97,0
245,27.2,20,3.4,3.15,2
245.125,26.7,20.6,3.4,3.67,0
245.25,23.9,21.1,2.3,3.67,0
245.375,30,22.2,5.3,4.2,3
245.5,34.4,21.1,5.3,4.55,5
245.625,37.2,18.9,5.7,3.32,3
245.75,34.4,17.8,3.4,3.85,2
245.875,28.9,19.4,2.3,3.32,0
246,27.8,20,3,3.15,0
246.125,26.1,20.6,2.7,3.5,0
246.25,25,20.6,1.9,4.02,3
246.375,30.6,21.1,1.9,4.2,6
246.5,31.7,18.9,4.5,5.42,8
246.625,23.9,22.2,1.1,0.35,10
246.75,26.1,23.3,3.4,2.62,8
246.875,23.3,21.1,1.1,1.92,4
247,22.8,20,1.9,1.05,0
247.125,21.1,19.4,0,0,2
247.25,21.1,18.9,1.1,0.87,3
247.375,26.7,21.7,1.9,1.92,2
247.5,32.8,22.2,2.3,2.8,2
247.625,34.4,21.1,4.5,2.27,4
247.75,31.1,20.6,1.9,2.27,8
247.875,27.8,20.6,1.9,1.05,7
248,25.6,20.6,1.9,1.75,0
248.125,23.9,19.4,0,0,0
248.25,21.7,18.9,0,0,3
248.375,29.4,20,3,3.85,2
248.5,33.9,19.4,3,2.8,3
248.625,35.6,18.9,3.8,2.27,3
248.75,32.8,18.9,2.7,1.75,7
248.875,30.6,20,2.3,2.45,1
249,25,19.4,1.9,0.7,0
249.125,23.3,18.9,1.1,1.22,0
249.25,22.8,18.3,2.3,1.05,3
249.375,28.3,20,0,0,0
249.5,35,20,2.7,1.75,2
249.625,36.1,19.4,4.5,1.57,5
249.75,32.8,19.4,3,2.1,6
249.875,27.8,19.4,1.9,2.45,2
250,24.4,18.9,0,0,0
250.125,22.8,18.9,0,0,1
250.25,22.2,18.9,0,0,2
250.375,28.9,20.6,2.3,0.87,0
250.5,33.9,20,3.4,1.05,3
250.625,36.1,20,2.3,2.1,3
250.75,32.8,18.3,2.3,2.27,0
250.875,27.2,20,0,0,0
251,24.4,19.4,0,0,0
251.125,23.3,19.4,0,0,0
251.25,22.8,19.4,0,0,5
251.375,29.4,20.6,2.3,1.22,0
251.5,34.4,20,3.4,2.1,2
251.625,37.2,18.9,3.4,2.45,2
251.75,33.9,17.8,2.7,2.27,3
251.875,28.3,18.9,2.7,2.45,1
252,25,18.3,1.9,1.92,0
252.125,23.9,18.3,0,0,0
252.25,23.3,18.9,1.9,3.85,6
252.375,31.7,19.4,0,0,7
252.5,36.7,18.9,2.7,2.8,8
252.625,33.9,19.4,3.8,3.67,8
252.75,25.6,17.2,1.1,2.62,8
252.875,23.9,17.8,1.9,4.02,8
253,22.2,17.8,0,0,2
253.125,21.7,17.8,1.9,4.72,0
253.25,21.1,17.8,2.3,4.55,1
253.375,30.6,19.4,3,5.77,2
253.5,36.1,18.3,2.3,1.4,3
253.625,36.7,18.3,2.3,2.97,3
253.75,32.8,16.1,2.3,2.97,2
253.875,27.8,17.2,2.7,4.55,3
254,26.7,17.2,3.8,6.12,3
254.125,25,18.3,3,0.17,0
254.25,23.9,18.3,2.3,0.7,0
254.375,28.3,17.2,4.5,0.87,0
254.5,31.7,17.8,3,0.87,0
254.625,33.9,18.3,5.3,2.1,5
254.75,28.9,15.6,4.5,2.1,6
254.875,25,15.6,3.4,1.05,6
255,21.7,13.3,1.9,0.87,1
255.125,22.8,11.7,2.3,0.87,0
255.25,18.9,10.6,1.9,0.87,5
255.375,24.4,11.7,2.3,1.92,3
255.5,30,12.8,3,1.92,0
255.625,33.3,13.9,3,1.57,0
255.75,30.6,15,2.3,2.1,0
255.875,25.6,15.6,1.9,2.27,2
256,23.9,14.4,0,0,4
256.125,21.1,15,0,0,7
256.25,20,14.4,0,0,4
256.375,27.8,16.1,1.9,2.62,0
256.5,35,17.8,4.5,4.72,4
256.625,37.8,17.2,5.7,3.67,4
256.75,33.9,16.7,2.7,2.97,1
256.875,28.9,17.8,2.7,3.15,0
257,26.1,17.2,1.9,3.85,0
257.125,22.2,16.7,0,0,0
257.25,21.1,16.7,0,0,3
257.375,29.4,16.1,3,4.72,4
257.5,36.1,17.2,5.7,4.55,5
257.625,37.8,16.1,3.8,4.55,2
257.75,33.9,14.4,2.7,3.67,7
257.875,28.3,15,0,0,0
258,23.9,15.6,2.7,4.02,0
258.125,21.7,15.6,2.7,3.32,0
258.25,21.7,15,3.4,4.37,3
258.375,31.7,15.6,3.4,5.59,7
258.5,37.8,13.9,3,5.24,8
258.625,37.8,16.1,1.9,2.62,8
258.75,28.9,20,3.8,2.45,8
258.875,27.2,18.9,2.3,6.29,6
259,26.1,18.9,1.9,5.94,7
259.125,25,18.9,2.7,0.87,7
259.25,22.8,15.6,3,1.22,7
259.375,23.3,15.6,3.4,1.22,10
259.5,27.2,16.7,2.7,1.05,9
259.625,32.2,17.8,3.4,1.57,0
259.75,30,18.3,1.9,2.1,3
259.875,25.6,18.3,2.3,1.57,2
260,23.9,17.8,1.1,5.94,3
260.125,22.2,17.8,1.9,4.37,3
260.25,21.7,17.2,1.9,3.15,1
260.375,28.3,18.3,2.7,3.67,2
260.5,37.8,17.8,5.7,4.02,4
260.625,38.3,15,5.3,4.02,4
260.75,35,13.9,3.4,3.67,4
260.875,32.2,15,4.9,3.67,7
261,28.9,16.7,3.8,3.5,7
261.125,20,15,5.3,0.52,10
261.25,18.9,15.6,2.7,6.12,10
261.375,21.1,16.1,4.5,0.52,10
261.5,23.3,16.1,4.9,1.05,10
261.625,22.8,16.1,3.4,0.87,10
261.75,21.7,15.6,3.4,1.75,9
261.875,18.3,14.4,3,0.7,0
262,16.7,12.8,2.3,1.4,0
262.125,15,11.7,1.9,1.22,0
262.25,15,12.2,2.3,1.05,0
262.375,20,15.6,3,1.57,7
262.5,23.3,16.1,3.4,1.4,10
262.625,26.7,17.8,3,1.22,10
262.75,25,17.8,1.9,2.1,10
262.875,22.2,17.2,2.3,1.05,1
263,20.6,16.1,1.9,1.22,4
263.125,18.3,14.4,1.1,0.52,3
263.25,17.8,12.8,2.3,1.4,3
263.375,23.9,15,2.3,2.27,0
263.5,30.6,16.7,3.4,2.8,0
263.625,32.2,16.7,2.3,3.67,0
263.75,29.4,16.1,2.7,2.27,0
263.875,22.2,15,1.9,2.62,0
264,21.1,14.4,2.3,2.8,0
264.125,20,15.6,2.3,2.8,0
264.25,20,16.1,0,0,3
264.375,27.2,25.6,2.7,4.2,3
264.5,33.3,19.4,5.3,4.02,7
264.625,33.3,18.3,6.1,3.15,6
264.75,31.7,17.8,4.5,3.67,6
264.875,27.8,20,3.4,3.15,1
265,26.1,20,2.3,3.5,7
265.125,25,20,2.7,3.15,6
265.25,24.4,20.6,3.4,3.32,9
265.375,27.8,21.1,4.5,4.02,9
265.5,31.7,20.6,4.9,4.2,9
265.625,36.1,19.4,6.8,3.85,8
265.75,32.8,18.3,3,3.85,3
265.875,27.2,17.8,2.7,2.8,6
266,27.8,18.9,2.7,3.15,9
266.125,27.8,20,4.5,3.32,7
266.25,26.7,20,3.8,3.85,10
266.375,27.2,20.6,5.3,3.67,9
266.5,33.9,20,4.5,4.02,9
266.625,35,19.4,4.9,4.37,8
266.75,32.8,18.9,4.9,3.85,5
266.875,28.9,18.3,2.7,4.2,3
267,27.2,18.9,2.7,4.37,7
267.125,24.4,18.3,3.4,0.52,5
267.25,22.8,17.8,4.5,1.05,9
267.375,21.7,16.1,4.5,0.7,10
267.5,22.2,15.6,1.9,0.7,10
267.625,26.7,16.7,3,1.05,6
267.75,21.1,15,5.3,1.22,5
267.875,18.9,13.9,4.5,0.87,10
268,18.3,13.9,3.4,0.87,10
268.125,17.8,13.3,4.5,0.87,10
268.25,17.8,14.4,0,0,10
268.375,19.4,16.7,2.7,4.2,10
268.5,20.6,18.9,1.9,2.62,10
268.625,25.6,20.6,2.3,0.52,8
268.75,23.9,20,3.4,0.52,9
268.875,21.7,19.4,1.9,0.87,10
269,21.1,19.4,2.3,1.05,7
269.125,21.1,19.4,4.5,6.29,10
269.25,21.1,19.4,3,1.75,10
269.375,20,18.3,0,0,10
269.5,21.7,19.4,3.4,4.9,10
269.625,23.3,19.4,3,0.17,10
269.75,23.3,18.9,2.3,1.22,8
269.875,21.7,18.9,0,0,10
270,20.6,19.4,3.4,0.35,6
270.125,18.9,10,3.4,0.7,6
270.25,17.2,8.3,5.7,1.05,8
270.375,18.9,7.8,5.7,1.05,8
270.5,20,6.7,5.7,1.4,8
270.625,20.6,7.2,5.3,0.87,10
270.75,17.8,8.9,3.4,1.4,10
270.875,17.2,8.9,3.4,1.05,10
271,16.7,8.3,3,0.52,10
271.125,15,9.4,3.4,0.87,10
271.25,14.4,10,2.3,0.52,10
271.375,15,10.6,2.3,1.22,10
271.5,15,11.7,2.7,1.57,10
271.625,15,11.7,2.7,2.45,10
271.75,12.8,10,2.7,1.4,10
271.875,12.2,10,2.3,1.4,10
272,12.2,10,2.7,1.22,10
272.125,12.2,10,2.7,1.92,10
272.25,12.2,11.1,3,1.22,10
272.375,12.8,11.7,2.7,0.87,10
272.5,13.9,12.8,3.4,1.22,10
272.625,15,13.9,3.4,0.87,10
272.75,15.6,13.9,1.9,0.52,10
272.875,15.6,14.4,3,0.87,10
273,15.6,14.4,2.7,0.7,10
273.125,16.1,14.4,2.7,0.17,10
273.25,16.1,15,3,0.7,10
273.375,17.2,15.6,3.4,0.52,10
273.5,18.9,16.1,3.8,1.05,10
273.625,18.9,16.1,1.9,1.4,10
273.75,18.9,16.1,2.7,6.29,10
273.875,18.3,16.1,2.3,0.35,10
274,17.8,16.1,3.8,5.42,9
274.125,18.3,16.1,3.4,5.42,8
274.25,17.2,15.6,2.7,5.42,5
274.375,21.1,17.2,3.4,5.94,0
274.5,26.7,15.6,3,0.35,4
274.625,27.8,15,3.4,0.87,4
274.75,24.4,15.6,1.9,2.1,6
274.875,18.9,16.1,0,0,0
275,16.7,15,2.3,4.37,0
275.125,15.6,13.9,0,0,0
275.25,14.4,12.8,0,0,0
275.375,20,17.2,2.7,4.2,0
275.5,26.7,17.2,4.5,4.02,3
275.625,28.3,16.7,5.3,4.2,2
275.75,24.4,16.7,3,3.67,0
275.875,21.1,16.1,3,4.37,0
276,19.4,16.7,2.7,4.37,0
276.125,20,16.1,2.7,5.42,0
276.25,18.9,6.7,3.8,0.17,5
276.375,22.8,6.7,4.5,0.52,3
276.5,25,5.6,5.3,6.29,7
276.625,24.4,6.7,3.8,4.9,8
276.75,20,8.3,3.4,4.2,4
276.875,15.6,10,2.7,5.42,0
277,12.2,7.8,3,4.2,0
277.125,13.3,6.1,3,5.59,0
277.25,12.8,3.9,3,5.59,2
277.375,15.6,3.9,5.3,5.94,9
277.5,18.3,2.2,3.4,5.59,10
277.625,20,2.8,7.6,5.77,10
277.75,17.2,2.8,3.4,5.42,10
277.875,11.1,6.1,2.3,4.37,9
278,10,6.7,2.3,4.02,7
278.125,11.1,4.4,3.4,4.2,6
278.25,10.6,5,3,3.85,8
278.375,17.8,7.2,4.5,4.55,2
278.5,24.4,7.8,6.4,5.42,6
278.625,25,6.1,5.3,6.12,0
278.75,19.4,4.4,3,0.52,0
278.875,13.3,8.3,2.7,1.05,2
279,10.6,5,4.5,0.87,0
279.125,8.3,4.4,3,0.7,0
279.25,7.2,3.9,2.7,0.35,0
279.375,11.7,5,3,1.57,0
279.5,16.1,3.9,1.1,0.52,0
279.625,18.9,5,4.5,1.05,0
279.75,14.4,5,2.3,2.1,0
279.875,11.7,5.6,0,0,0
280,9.4,5.6,0,0,0
280.125,7.8,5,0,0,0
280.25,6.7,4.4,1.1,4.2,0
280.375,12.8,6.1,1.9,1.57,8
280.5,18.3,4.4,3,2.8,2
280.625,21.1,5,2.3,3.15,0
280.75,17.2,7.2,2.3,2.62,0
280.875,13.3,8.3,1.9,4.37,0
281,10.6,7.8,2.3,4.37,0
281.125,10.6,7.2,2.7,4.55,0
281.25,10,7.2,2.3,4.55,0
281.375,17.8,11.1,2.7,4.37,0
281.5,25.6,13.3,2.7,4.02,0
281.625,27.8,14.4,4.5,3.32,0
281.75,22.8,14.4,2.7,3.5,0
281.875,18.9,13.9,3,4.2,0
282,17.2,13.9,3.4,4.37,0
282.125,15.6,13.3,3,4.02,0
282.25,14.4,12.2,3.4,4.2,0
282.375,21.7,15,3,3.85,0
282.5,27.8,15.6,3.4,3.67,0
282.625,30,16.7,3,3.85,3
282.75,25,16.7,2.7,3.15,0
282.875,22.8,16.1,3,4.02,0
283,18.9,15.6,2.7,4.2,0
283.125,17.2,14.4,0,0,0
283.25,16.1,14.4,2.3,4.37,0
283.375,22.8,16.7,2.7,3.85,0
283.5,29.4,15.6,3,4.2,4
283.625,31.1,15,4.5,4.2,2
283.75,25,14.4,2.7,3.32,3
283.875,22.8,14.4,3,4.2,0
284,18.9,14.4,2.7,4.2,0
284.125,17.2,13.9,1.9,4.2,0
284.25,16.7,14.4,3,4.02,3
284.375,22.2,16.1,3.4,4.2,5
284.5,30.6,16.1,4.5,4.2,3
284.625,31.7,12.8,6.8,4.2,5
284.75,26.1,14.4,3.4,4.02,2
284.875,22.8,13.9,2.3,5.07,1
285,20,7.2,3,5.94,0
285.125,16.7,2.8,3,6.12,0
285.25,14.4,2.2,2.3,5.77,0
285.375,20,3.3,2.3,5.94,0
285.5,23.9,1.7,5.3,4.72,0
285.625,25,1.7,5.3,5.24,0
285.75,21.1,1.1,3,5.24,0
285.875,12.2,4.4,0,0,0
286,10.6,3.9,1.9,4.72,0
286.125,11.1,1.1,2.3,5.24,0
286.25,7.8,0.6,1.1,5.07,0
286.375,14.4,3.3,3.4,1.4,0
286.5,18.3,3.9,3.4,1.22,0
286.625,20,3.9,1.9,1.4,0
286.75,15,3.9,2.3,3.67,10
286.875,10,5,0,0,0
287,7.8,4.4,0,0,0
287.125,6.7,4.4,1.9,4.37,0
287.25,5.6,3.9,0,0,0
287.375,13.3,7.2,2.7,1.92,0
287.5,19.4,5,2.3,2.97,0
287.625,21.7,4.4,3,2.45,0
287.75,16.7,5.6,0,0,0
287.875,10.6,6.1,2.3,2.97,0
288,10,6.1,0,0,0
288.125,7.8,5,0,0,0
288.25,6.7,4.4,0,0,3
288.375,15.6,8.3,2.3,3.32,6
288.5,23.9,11.1,3,3.5,4
288.625,25.6,10,3.8,3.67,8
288.75,20.6,10.6,2.7,2.8,3
288.875,15,10.6,3.4,2.97,3
289,16.7,10,1.9,2.62,3
289.125,18.9,8.9,3.4,3.67,4
289.25,16.1,10,2.7,3.67,7
289.375,20.6,13.9,4.9,3.32,0
289.5,26.1,16.1,5.3,3.5,2
289.625,27.2,14.4,4.5,3.5,2
289.75,21.7,12.8,2.3,2.62,7
289.875,21.7,12.2,3.4,3.15,8
290,18.9,13.3,1.9,2.62,2
290.125,16.1,13.3,0,0,2
290.25,16.7,13.9,1.9,2.97,10
290.375,19.4,16.7,3.4,3.15,10
290.5,22.8,17.8,4.9,3.15,10
290.625,26.1,18.9,5.3,2.8,8
290.75,24.4,18.3,3.4,2.62,10
290.875,21.7,18.9,3.4,2.45,10
291,22.8,18.9,4.5,2.97,10
291.125,22.8,18.9,5.3,3.15,10
291.25,22.8,19.4,4.5,3.32,10
291.375,21.1,18.9,5.3,5.77,10
291.5,18.3,17.2,1.1,3.15,10
291.625,22.2,21.1,0,0,10
291.75,21.1,18.3,2.3,4.55,10
291.875,17.8,16.1,1.9,2.62,3
292,16.1,15,0,0,8
292.125,17.2,16.1,0,0,10
292.25,15.6,14.4,2.3,5.59,10
292.375,18.3,13.3,3.4,1.05,7
292.5,21.1,11.1,2.3,0.52,9
292.625,21.7,12.8,0,0,10
292.75,18.9,13.9,1.9,2.62,8
292.875,16.7,14.4,1.9,4.55,7
293,17.2,15,2.3,4.37,1
293.125,14.4,8.9,4.5,5.77,0
293.25,11.7,6.1,4.5,6.29,7
293.375,15,5.6,4.5,0.17,2
293.5,18.3,3.3,4.5,6.29,2
293.625,20.6,2.8,4.9,5.77,3
293.75,15,4.4,2.3,0.7,1
293.875,10,6.7,1.9,4.2,1
294,8.9,6.7,2.3,4.2,0
294.125,7.2,5.6,0,0,0
294.25,6.7,5,2.7,4.37,4
294.375,12.8,9.4,1.9,4.02,5
294.5,21.1,6.1,3.4,4.55,2
294.625,22.2,7.2,2.7,4.02,6
294.75,16.7,8.9,2.3,4.02,7
294.875,13.3,8.9,2.7,4.37,0
295,11.1,8.9,2.7,4.37,0
295.125,10,7.8,2.7,4.37,0
295.25,8.9,7.2,1.9,4.37,0
295.375,16.1,11.1,1.9,4.2,0
295.5,23.9,11.1,3.8,3.15,0
295.625,25,10,3.4,4.2,0
295.75,17.8,13.9,2.7,3.15,1
295.875,14.4,10,1.1,4.2,1
296,11.7,10,0,0,0
296.125,11.1,8.9,2.3,4.55,0
296.25,8.9,7.8,1.1,4.02,1
296.375,16.7,13.3,0,0,0
296.5,22.8,10.6,3.8,3.15,0
296.625,23.3,10,3.4,2.8,0
296.75,17.2,10.6,1.1,2.1,0
296.875,14.4,11.1,0,0,0
297,12.2,10,0,0,0
297.125,10,8.9,0,0,0
297.25,8.9,8.9,0,0,0
297.375,16.7,13.3,1.9,1.4,2
297.5,23.3,12.8,3.8,2.45,2
297.625,23.9,11.7,2.7,2.45,6
297.75,18.9,11.7,0,0,4
297.875,14.4,11.7,0,0,7
298,13.9,11.1,0,0,1
298.125,14.4,11.7,0,0,10
298.25,13.9,10.6,6.8,5.24,9
298.375,12.2,7.2,6.4,5.42,10
298.5,13.3,3.3,6.4,5.59,9
298.625,12.2,0.6,6.8,5.94,9
298.75,10,0,6.4,5.24,10
298.875,6.7,-1.1,3,5.59,0
299,2.8,-1.1,2.7,4.2,0
299.125,1.7,-1.1,3,4.37,0
299.25,1.1,-1.1,3,4.37,0
299.375,8.3,3.3,2.7,4.2,0
299.5,16.7,0,4.5,4.02,0
299.625,19.4,3.3,3.4,4.2,0
299.75,13.3,3.3,3,3.85,0
299.875,9.4,3.9,2.3,4.2,0
300,6.7,3.3,0,0,0
300.125,4.4,2.8,0,0,3
300.25,4.4,-1.1,2.7,0.87,3
300.375,10,2.8,4.5,1.75,8
300.5,12.8,2.8,3.4,2.1,10
300.625,12.8,4.4,4.9,0.52,10
300.75,11.7,4.4,3.4,1.57,10
300.875,10.6,6.7,2.7,1.75,10
301,11.1,7.8,2.7,2.27,10
301.125,11.1,8.9,4.5,2.27,10
301.25,12.8,10.6,5.7,2.45,10
301.375,13.9,13.3,3.4,4.37,10
301.5,15.6,13.9,3.4,2.97,10
301.625,21.1,16.7,5.7,3.67,4
301.75,17.2,13.9,1.9,2.45,1
301.875,16.7,14.4,2.7,4.37,0
302,15,13.3,3.4,4.9,0
302.125,11.1,7.2,5.7,4.9,4
302.25,10.6,6.7,6.4,5.24,10
302.375,10.6,5.6,4.5,5.59,10
302.5,10.6,4.4,5.3,5.94,10
302.625,8.3,4.4,3.4,5.94,10
302.75,7.8,3.9,4.9,6.12,10
302.875,7.8,3.9,3,0.17,10
303,7.8,2.2,3.4,0.17,10
303.125,7.8,0.6,3.8,0.17,10
303.25,6.1,-0.6,5.3,0.35,10
303.375,7.8,-0.6,6.1,0.17,7
303.5,10,-1.1,4.5,0.7,5
303.625,10.6,-1.7,3.4,0.87,8
303.75,7.2,-0.6,2.7,2.45,5
303.875,5.6,1.1,0,0,3
304,2.2,-0.6,2.3,4.2,0
304.125,1.1,-1.1,0,0,0
304.25,0,-1.7,1.9,4.55,0
304.375,6.1,3.3,2.3,5.42,0
304.5,12.2,0.6,3,5.94,0
304.625,14.4,-2.2,1.9,5.24,0
304.75,8.3,-1.7,0,0,0
304.875,5,0.6,1.9,3.85,1
305,3.3,0,0,0,0
305.125,1.7,-1.1,2.3,4.37,0
305.25,1.1,-1.7,1.9,4.37,0
305.375,8.3,3.9,1.9,4.02,0
305.5,19.4,2.2,3.4,4.37,0
305.625,21.1,3.3,2.7,4.37,0
305.75,16.1,3.9,1.9,3.15,0
305.875,10,4.4,1.9,4.2,0
306,7.8,3.9,2.7,4.37,0
306.125,7.2,3.9,3,4.37,0
306.25,6.1,3.3,2.7,4.55,0
306.375,13.3,6.7,3,4.55,3
306.5,22.2,7.2,1.1,3.32,6
306.625,24.4,5.6,1.9,4.02,4
306.75,17.2,6.1,2.7,3.85,4
306.875,12.2,6.1,1.9,3.5,2
307,7.8,4.4,0,0,0
307.125,5.6,3.9,0,0,0
307.25,5.6,3.9,0,0,6
307.375,11.1,8.9,0,0,8
307.5,23.3,7.2,4.5,4.2,8
307.625,22.2,7.2,2.3,4.2,9
307.75,17.2,8.3,2.3,2.97,5
307.875,12.8,7.2,1.9,3.5,0
308,10,6.7,1.9,3.85,0
308.125,8.3,6.1,0,0,0
308.25,7.2,5.6,1.9,3.85,5
308.375,13.3,10.6,3.4,4.37,3
308.5,21.7,10,5.3,4.02,3
308.625,24.4,10,3.8,4.02,0
308.75,18.9,10.6,3.4,3.67,0
308.875,16.1,10.6,3.4,4.37,2
309,12.8,8.9,1.9,4.9,0
309.125,8.9,5.6,2.3,4.2,0
309.25,11.7,6.1,3,5.24,5
309.375,16.1,6.1,5.3,3.85,0
309.5,20.6,4.4,3.4,5.42,0
309.625,22.2,1.7,4.5,6.12,0
309.75,17.2,-1.1,0,0,1
309.875,12.2,3.3,2.3,4.02,2
310,8.3,3.3,3,4.55,2
310.125,7.8,2.2,3,4.55,2
310.25,5.6,2.2,2.7,4.37,0
310.375,12.8,5,2.3,4.2,3
310.5,19.4,4.4,3,3.15,1
310.625,21.1,4.4,3,2.45,6
310.75,13.9,4.4,2.3,2.27,2
310.875,11.1,5,0,0,2
311,7.8,3.9,0,0,0
311.125,5.6,3.3,0,0,0
311.25,3.9,2.2,0,0,0
311.375,11.1,7.2,2.3,4.9,0
311.5,22.8,9.4,3.4,4.02,0
311.625,26.1,8.9,3.4,3.85,0
311.75,19.4,8.9,3.4,3.5,0
311.875,17.2,8.9,2.7,4.37,0
312,13.3,7.8,0,0,0
312.125,15.6,9.4,4.5,4.2,0
312.25,13.9,8.3,5.7,3.85,0
312.375,17.8,9.4,5.7,4.02,3
312.5,23.9,11.7,6.4,4.2,0
312.625,26.1,12.2,5.3,3.85,2
312.75,21.1,12.2,4.5,3.67,0
312.875,17.8,12.2,2.3,4.02,0
313,13.9,10.6,2.7,4.72,0
313.125,13.3,11.1,2.3,3.5,0
313.25,15,12.2,3,3.67,0
313.375,17.2,14.4,3.4,4.2,2
313.5,23.9,16.1,4.5,3.15,0
313.625,26.1,16.7,5.3,3.32,0
313.75,21.7,15.6,3,3.15,0
313.875,20,15.6,3.8,3.15,0
314,18.3,15,2.7,3.32,0
314.125,17.8,15,1.9,4.02,1
314.25,17.2,15,3,3.85,0
314.375,18.9,16.7,3.4,4.2,10
314.5,23.9,17.2,0,0,6
314.625,25.6,17.2,1.9,2.27,0
314.75,20,15,1.9,2.27,0
314.875,16.7,14.4,1.9,3.15,0
315,12.8,11.7,1.9,2.97,0
315.125,12.8,11.7,0,0,10
315.25,14.4,12.8,0,0,10
315.375,15.6,13.3,2.3,1.05,0
315.5,22.2,11.1,4.5,1.4,0
315.625,23.9,10,3.8,1.22,0
315.75,16.7,7.8,3,1.22,0
315.875,13.9,6.7,2.7,0.87,0
316,11.1,5,3.4,1.05,0
316.125,9.4,3.9,2.7,0.52,0
316.25,8.3,3.3,2.3,0.7,0
316.375,10.6,4.4,4.9,1.22,0
316.5,15.6,5,3,1.05,0
316.625,18.9,3.9,4.5,1.4,0
316.75,12.2,2.8,3,1.05,0
316.875,8.9,1.7,3,1.22,0
317,10,0,2.7,0.7,0
317.125,5.6,-0.6,2.7,0.52,0
317.25,4.4,-1.1,3,0.35,0
317.375,9.4,1.1,3,1.22,0
317.5,16.7,1.7,3,2.1,0
317.625,20.6,1.1,2.7,2.1,0
317.75,13.3,1.7,1.9,1.92,0
317.875,9.4,2.8,0,0,0
318,6.7,1.7,0,0,0
318.125,5,2.2,0,0,0
318.25,3.3,1.1,0,0,0
318.375,11.1,6.7,0,0,0
318.5,19.4,2.8,3.8,2.97,1
318.625,21.7,1.7,3.4,2.27,5
318.75,15,1.1,2.7,2.62,8
318.875,10.6,3.9,0,0,5
319,13.3,7.2,0,0,8
319.125,13.3,8.3,0,0,10
319.25,11.7,9.4,1.1,0.52,10
319.375,12.2,10.6,3.8,5.94,10
319.5,11.7,10,3,0.7,10
319.625,11.7,10,4.5,5.94,10
319.75,11.7,10,3.4,1.22,10
319.875,11.1,9.4,4.5,6.12,10
320,11.1,8.9,4.9,0.17,10
320.125,10.6,8.3,3.4,0.17,10
320.25,10,7.2,3.4,6.29,10
320.375,9.4,6.7,4.5,0.17,10
320.5,9.4,7.2,4.5,6.29,10
320.625,10,7.2,5.3,6.29,10
320.75,9.4,5.6,4.5,0.35,10
320.875,9.4,8.3,4.9,0.17,10
321,8.3,3.3,6.1,0.52,10
321.125,6.7,2.2,5.7,0.35,10
321.25,6.7,1.7,5.3,0.7,10
321.375,6.7,1.1,6.4,1.05,10
321.5,5.6,2.2,5.7,0.7,10
321.625,5.6,2.2,5.3,0.87,10
321.75,5.6,1.7,6.1,0.52,10
321.875,5,2.8,5.3,0.7,10
322,5,4.4,4.9,0.7,10
322.125,5,4.4,6.1,0.52,10
322.25,5.6,5,4.9,0.35,10
322.375,5.6,5,4.5,6.29,10
322.5,6.1,5,5.3,0.17,10
322.625,6.1,5,3.8,6.29,10
322.75,5,3.9,4.5,6.12,10
322.875,3.9,2.8,4.5,6.12,10
323,3.9,2.2,3,5.59,10
323.125,3.9,2.2,4.9,5.94,10
323.25,3.9,1.1,4.5,6.12,8
323.375,4.4,0.6,5.3,6.12,2
323.5,5,0.6,4.5,5.94,9
323.625,6.1,0,3.8,5.24,9
323.75,4.4,-0.6,3.4,5.42,8
323.875,1.1,-2.8,3,0.35,0
324,-0.6,-3.9,2.3,5.94,0
324.125,-1.1,-3.9,0,0,0
324.25,-2.8,-4.4,1.1,4.9,0
324.375,2.2,-0.6,2.3,5.94,0
324.5,7.2,0.6,1.9,4.72,1
324.625,8.9,1.1,2.3,1.05,3
324.75,4.4,-1.1,2.3,2.27,0
324.875,0.6,-2.2,0,0,0
325,-0.6,-2.8,0,0,0
325.125,-1.7,-3.3,1.9,4.2,0
325.25,-2.2,-3.9,1.9,4.37,0
325.375,1.7,-2.8,2.3,4.2,0
325.5,10,2.8,2.7,3.67,5
325.625,12.2,1.7,1.9,4.02,3
325.75,7.8,-1.1,1.9,4.2,0
325.875,3.3,-1.1,1.9,4.37,0
326,1.7,-1.1,2.7,4.37,0
326.125,0.6,-2.2,1.9,4.2,0
326.25,1.7,-1.1,3,6.12,0
326.375,6.7,2.8,2.7,5.77,8
326.5,10.6,-1.1,3,1.75,9
326.625,11.7,-1.1,2.7,1.22,10
326.75,7.8,-0.6,1.1,3.15,10
326.875,3.9,-0.6,1.1,4.37,6
327,1.1,-1.7,2.7,4.37,8
327.125,1.1,-1.7,0,0,9
327.25,1.1,-0.6,0,0,10
327.375,4.4,1.7,1.9,1.05,10
327.5,8.9,2.2,3,2.45,10
327.625,10,2.8,3,2.27,10
327.75,8.9,3.3,2.3,2.1,10
327.875,7.8,4.4,3,2.1,10
328,7.2,5.6,1.9,1.92,10
328.125,7.2,5.6,3,2.27,10
328.25,7.2,5.6,2.3,1.05,10
328.375,7.8,6.7,2.7,1.22,10
328.5,10.6,8.3,0,0,10
328.625,11.1,7.8,3,5.24,10
328.75,10.6,7.2,2.3,5.94,10
328.875,10,7.2,2.7,5.77,10
329,10,7.2,3,5.42,10
329.125,9.4,7.2,2.7,5.77,10
329.25,9.4,6.7,3.4,5.94,10
329.375,9.4,6.7,3.4,6.29,7
329.5,9.4,5,5.3,0.17,10
329.625,10,3.3,4.5,5.94,10
329.75,6.1,0.6,1.9,1.05,8
329.875,4.4,0.6,3.4,0.17,2
330,3.9,-3.9,3,0.52,2
330.125,0,-6.1,3.4,0.52,2
330.25,0,-6.1,4.5,0.7,0
330.375,2.2,-4.4,5.7,0.7,0
330.5,6.1,-3.9,5.7,0.87,0
330.625,6.7,-4.4,3.8,0.87,7
330.75,5,-5,4.5,0.7,10
330.875,3.9,-3.3,5.3,0.52,10
331,3.9,-3.9,4.9,0.87,10
331.125,3.3,-3.3,4.9,0.87,10
331.25,3.3,-2.8,3.8,0.7,10
331.375,3.9,-2.8,5.7,0.52,10
331.5,2.8,-2.8,2.7,6.12,10
331.625,1.7,-1.1,4.5,0.52,10
331.75,1.1,-1.1,4.5,5.77,10
331.875,1.1,-1.1,4.5,5.77,10
332,1.1,-0.6,5.3,5.24,10
332.125,1.1,-0.6,5.3,4.9,2
332.25,1.1,-1.1,3.4,4.9,8
332.375,1.7,-0.6,3,5.07,3
332.5,4.4,0.6,4.5,5.07,9
332.625,5,-0.6,4.9,5.07,10
332.75,3.9,-0.6,3.4,4.72,10
332.875,3.3,-1.1,3.4,4.55,10
333,1.7,-1.7,2.7,4.37,9
333.125,0.6,-1.7,3,4.2,8
333.25,0,-2.8,2.7,4.37,0
333.375,1.7,0,3.4,4.37,2
333.5,8.9,1.1,3,5.07,7
333.625,10.6,-1.1,5.3,4.9,1
333.75,5.6,-3.9,2.7,3.85,3
333.875,5,-3.3,2.7,4.37,0
334,3.3,-3.3,3,4.55,0
334.125,2.2,-2.8,3,4.55,4
334.25,2.8,-2.8,1.1,4.72,2
334.375,8.9,1.7,4.5,5.59,0
334.5,14.4,-1.7,4.5,5.59,0
334.625,16.1,-3.9,5.3,5.42,0
334.75,9.4,-3.3,0,0,0
334.875,5.6,-2.2,1.9,4.02,0
335,2.8,-1.7,1.9,3.85,0
335.125,5,-2.8,0,0,0
335.25,2.8,-2.2,2.3,3.15,0
335.375,8.3,2.8,2.3,4.55,5
335.5,15.6,10.6,6.4,4.02,5
335.625,20.6,11.1,4.9,3.67,7
335.75,16.7,9.4,3.8,3.15,4
335.875,15.6,9.4,4.9,3.32,3
336,13.3,8.9,4.5,3.5,6
336.125,13.9,9.4,4.5,3.5,4
336.25,13.9,10,3,3.5,7
336.375,13.9,10,3.8,3.15,7
336.5,18.3,12.2,5.3,3.5,10
336.625,20,12.2,5.3,3.15,9
336.75,18.9,12.2,3.4,3.32,8
336.875,17.2,12.2,3,3.85,10
337,15.6,11.7,4.5,3.67,3
337.125,15.6,11.7,3.4,4.2,7
337.25,11.7,5.6,6.4,5.42,10
337.375,7.8,1.1,6.1,0.17,2
337.5,8.3,3.9,5.3,6.12,0
337.625,10,-3.3,4.9,5.24,0
337.75,5.6,-5,5.3,0.17,3
337.875,2.2,-6.7,3.4,0.52,0
338,0.6,-7.2,3.4,0.52,0
338.125,-1.1,-7.8,3.4,0.7,0
338.25,-2.8,-7.2,2.7,0.52,0
338.375,-0.6,-5,2.7,1.4,0
338.5,3.3,-3.3,3.4,1.22,0
338.625,6.7,-1.7,3.4,1.4,0
338.75,4.4,-1.7,1.9,1.92,1
338.875,1.1,-2.8,0,0,2
339,-0.6,-3.3,0,0,0
339.125,1.1,-1.7,1.1,3.5,0
339.25,2.8,-0.6,1.1,2.45,7
339.375,6.1,3.9,2.3,3.32,10
339.5,12.8,3.9,1.9,2.62,8
339.625,15,6.1,3.4,2.1,8
339.75,13.3,7.2,2.7,2.62,10
339.875,14.4,7.2,4.5,2.8,9
340,13.3,6.7,2.7,2.45,9
340.125,10,5.6,2.3,1.4,10
340.25,11.1,7.2,1.1,2.8,10
340.375,13.9,10,4.9,3.5,10
340.5,17.8,15,3.8,3.5,10
340.625,18.9,11.1,3.4,3.15,8
340.75,15,11.1,2.7,2.27,7
340.875,12.8,10,1.1,1.92,4
341,11.7,9.4,0,0,3
341.125,13.3,11.1,3,3.15,8
341.25,14.4,11.7,3,3.32,9
341.375,15.6,12.2,1.1,2.8,4
341.5,21.1,14.4,5.7,3.5,8
341.625,21.7,13.9,4.5,3.5,4
341.75,16.7,12.2,2.7,2.45,4
341.875,16.1,13.3,2.3,3.15,2
342,13.9,11.7,0,0,3
342.125,13.9,11.7,1.9,0.87,10
342.25,13.3,11.7,1.9,1.92,10
342.375,13.9,12.2,0,0,10
342.5,18.9,16.1,3,2.45,10
342.625,20.6,15,3.4,2.1,10
342.75,16.1,13.3,4.5,2.62,10
342.875,15.6,12.2,3,2.27,10
343,15.6,13.3,4.5,2.8,10
343.125,14.4,12.2,1.1,2.45,4
343.25,17.2,13.9,4.5,3.15,10
343.375,17.2,14.4,4.5,3.15,10
343.5,18.3,15.6,4.9,3.15,10
343.625,16.1,14.4,5.3,0.17,10
343.75,15,13.9,5.3,1.05,10
343.875,10.6,8.9,5.3,5.77,10
344,9.4,7.2,4.5,5.59,10
344.125,8.9,7.2,2.7,5.94,10
344.25,8.9,6.1,4.5,5.24,10
344.375,8.3,5.6,4.5,5.07,10
344.5,7.8,4.4,4.9,5.07,10
344.625,6.1,2.2,4.5,5.24,10
344.75,5.6,1.7,4.9,5.42,10
344.875,5.6,0.6,5.3,6.29,10
345,5,-0.6,3.8,6.29,10
345.125,4.4,-0.6,4.5,5.94,10
345.25,4.4,-1.1,4.5,5.94,10
345.375,4.4,-1.7,3.4,6.29,10
345.5,6.1,-1.1,3.8,5.07,10
345.625,6.1,-1.7,4.5,5.07,10
345.75,3.9,-2.8,3.4,5.24,3
345.875,0.6,-2.8,0,0,0
346,-0.6,-3.3,1.9,4.2,0
346.125,-1.1,-3.9,2.3,4.37,0
346.25,-1.7,-3.9,0,0,0
346.375,1.1,-0.6,2.7,4.2,2
346.5,9.4,1.7,4.5,4.02,4
346.625,12.8,0,4.5,3.85,3
346.75,8.9,-0.6,4.5,3.5,2
346.875,6.7,-0.6,2.7,4.02,0
347,6.1,-0.6,3.8,4.2,0
347.125,3.9,-1.1,3.4,4.2,0
347.25,2.2,-1.1,3,4.37,0
347.375,5,-1.7,3.8,4.37,0
347.5,15,3.3,3.8,4.2,0
347.625,17.8,3.3,6.1,4.02,7
347.75,13.3,2.8,3,4.02,0
347.875,11.1,3.3,3.4,4.02,0
348,6.7,1.7,0,0,0
348.125,6.1,2.2,3,4.55,0
348.25,3.9,0.6,0,0,0
348.375,10,4.4,1.9,5.77,10
348.5,15,3.9,5.7,1.05,8
348.625,15,1.7,3.4,0.7,8
348.75,9.4,0,0,0,6
348.875,4.4,0,1.9,4.2,0
349,2.8,0,0,0,0
349.125,2.8,-5,0,0,0
349.25,-1.1,-4.4,0,0,2
349.375,2.8,-0.6,0,0,7
349.5,10,-0.6,2.3,3.32,4
349.625,12.8,-0.6,2.3,2.27,3
349.75,5.6,-1.7,2.3,2.62,5
349.875,5,-1.7,1.1,2.45,0
350,2.2,-2.8,1.9,3.85,4
350.125,3.9,-2.2,4.5,4.2,0
350.25,3.3,-2.2,3,4.2,0
350.375,6.7,-1.1,3.8,4.37,0
350.5,15.6,4.4,3.4,4.02,5
350.625,17.8,6.1,4.5,5.24,10
350.75,15.6,2.2,3.4,4.9,10
350.875,15,1.7,3.8,5.07,10
351,12.8,1.1,5.3,4.9,3
351.125,10,0.6,3.8,5.42,0
351.25,10,1.1,3.4,5.59,10
351.375,10.6,1.7,3.4,5.77,9
351.5,12.8,1.7,5.3,6.12,10
351.625,13.3,1.1,5.3,6.12,4
351.75,9.4,0,3.4,0.35,0
351.875,4.4,0.6,2.7,1.05,0
352,1.7,-1.1,2.7,0.87,0
352.125,1.1,-2.2,0,0,0
352.25,0,-3.3,0,0,0
352.375,2.2,-1.1,1.9,2.1,0
352.5,8.3,-1.1,2.7,3.15,0
352.625,11.1,0,4.5,3.15,0
352.75,8.3,0,2.7,3.32,4
352.875,6.7,0,3.4,3.32,0
353,6.7,0.6,3.4,3.67,0
353.125,3.9,-1.1,2.7,3.67,0
353.25,2.8,-0.6,2.3,2.97,0
353.375,7.2,4.4,2.3,2.62,0
353.5,16.1,7.2,5.3,3.85,0
353.625,20,8.9,1.1,5.07,4
353.75,13.9,7.2,1.1,1.75,4
353.875,10,6.1,0,0,0
354,13.3,10,5.3,0.52,7
354.125,7.8,0.6,6.4,0.7,10
354.25,4.4,-2.2,6.4,0.7,10
354.375,4.4,-6.7,8,0.7,10
354.5,3.9,-6.7,4.9,0.52,10
354.625,3.3,-9.4,6.4,0.52,10
354.75,1.1,-13.9,6.1,0.7,10
354.875,1.1,-13.9,5.3,0.35,10
355,-0.6,-13.9,5.7,0.35,10
355.125,-3.9,-12.8,6.1,0.35,10
355.25,-6.1,-16.1,5.3,0.52,10
355.375,-7.8,-17.2,6.1,6.29,8
355.5,-5.6,-16.7,3.8,0.7,8
355.625,-3.9,-16.7,3,0.35,7
355.75,-3.9,-16.7,4.9,0.7,7
355.875,-6.7,-15,3,1.05,1
356,-6.7,-14.4,3.4,0.7,0
356.125,-7.8,-14.4,3.4,0.52,0
356.25,-7.8,-15,4.5,0.17,0
356.375,-7.2,-15,4.9,0.35,0
356.5,-1.7,-13.3,3.4,1.22,0
356.625,0.6,-13.9,5.7,1.22,0
356.75,-3.3,-13.3,3,1.4,0
356.875,-4.4,-12.2,2.7,1.05,0
357,-4.4,-12.2,1.9,5.94,0
357.125,-5.6,-12.2,0,0,0
357.25,-6.1,-11.7,0,0,2
357.375,-3.9,-9.4,0,0,10
357.5,-0.6,-10,1.1,3.85,10
357.625,1.1,-10,3.8,3.15,10
357.75,1.1,-7.2,1.9,1.75,10
357.875,1.1,-7.2,3.4,3.15,10
358,1.7,-6.7,1.9,3.5,10
358.125,2.2,-6.1,1.1,3.15,10
358.25,2.2,-5,1.1,2.45,10
358.375,3.3,-2.8,3,2.62,10
358.5,6.1,-1.1,2.3,2.8,10
358.625,7.2,0,3,2.1,10
358.75,6.1,1.7,2.7,1.22,10
358.875,6.1,2.8,2.3,0.17,10
359,6.7,2.8,2.3,5.94,10
359.125,6.1,2.8,5.7,5.59,10
359.25,6.1,3.3,3,5.59,10
359.375,4.4,-1.1,5.3,5.94,6
359.5,5.6,-2.2,6.4,5.94,4
359.625,4.4,-8.3,8,6.12,3
359.75,-0.6,-11.1,5.3,6.12,0
359.875,-3.9,-12.2,5.3,6.29,0
360,-6.1,-13.3,5.3,0.35,0
360.125,-8.9,-14.4,3.4,0.17,2
360.25,-10,-15,4.5,0.35,0
360.375,-9.4,-14.4,3.4,0.87,4
360.5,-6.1,-13.3,3,2.1,9
360.625,-4.4,-12.2,2.3,2.1,10
360.75,-4.4,-11.7,3,2.1,10
360.875,-4.4,-10.6,2.7,2.27,4
361,-4.4,-10.6,0,0,3
361.125,-6.1,-10,0,0,0
361.25,-5,-8.3,0,0,10
361.375,-2.8,-7.2,2.3,3.15,9
361.5,-0.6,-6.7,2.7,4.02,10
361.625,1.7,-3.3,3,4.55,10
361.75,1.7,-2.8,1.9,2.97,10
361.875,1.7,-1.7,0,0,10
362,1.1,-2.2,1.9,0.35,10
362.125,1.1,-2.8,1.9,5.94,10
362.25,-1.1,-4.4,2.7,0.17,0
362.375,0.6,-4.4,3.4,0.35,6
362.5,4.4,-4.4,3,1.57,5
362.625,5.6,-4.4,2.7,1.4,4
362.75,1.1,-5.6,2.3,2.1,10
362.875,-0.6,-6.1,2.3,1.22,4
363,-2.2,-6.7,0,0,0
363.125,-2.2,-6.1,0,0,0
363.25,-3.9,-6.1,0,0,0
363.375,0,-3.3,2.3,1.4,7
363.5,6.1,-3.9,1.1,0.87,10
363.625,8.3,-3.3,3.4,2.1,8
363.75,4.4,-3.9,1.1,1.92,6
363.875,1.7,-3.9,0,0,0
364,0,-3.9,1.9,4.37,1
364.125,0,-3.3,2.7,4.55,0
364.25,-1.1,-4.4,1.9,4.37,0
364.375,2.8,-1.7,0,0,8
364.5,10,1.1,5.7,6.12,10
364.625,8.3,1.7,5.3,6.12,10
364.75,6.1,3.3,1.9,5.59,0
364.875,5,0,3.8,6.29,0
365,5,-0.6,3.8,0.17,0
365.125,1.7,-1.7,1.9,5.42,0
365.25,1.1,-1.7,2.3,6.12,0
365.375,4.4,1.1,1.9,5.24,0
365.5,10,1.7,1.9,4.72,3
365.625,12.8,1.7,3,2.45,3
365.75,7.2,0,3.4,2.8,0
365.875,5.6,-1.1,2.7,3.67,0
366,7.2,-0.6,3.4,3.85,0
366.125,3.9,-1.1,4.5,3.85,3
366.25,6.7,-1.1,2.3,4.55,10
366.375,7.8,-0.6,3,4.2,4
366.5,15.6,1.7,3.4,5.07,0
366.625,17.8,1.1,2.3,4.9,0
366.75,14.4,-1.1,2.3,5.24,0
366.875,6.7,-0.6,2.3,5.24,0
