$,,,,,,,,,,,,,,,,,,,,,,,,,,,,,,,,,,,,,,,,,,,,,,,,,,,,,,,,,,,,,,,,,,,,,,,,,,,,,,,,,,,,,,,,,,,,,,,,,,,,,,,,,,,,,,,,,,,,,,,,,,,,,,,,,,,,,,,,,,,,,,,,,,,,,,,,,,,,,,,,,,,,,,,,,,,,,,,,,,,,,,,,,,,,,,,,,,,,,,,,,,,,,,,,,,,,,,,,,,,,,,,,,,,,,,,,,,,,,,,,,,,,,,,,,,,,,,,,,,,,,,,,,,,,,,,,,,,,,,,,,,,,,,,,,,,,,,,,,,,,,,,,,,,,,,,,,,,,,,,,,,,,,,,,,,,,,,,,,,,,,,,,,,,,,,,,,,,,,,,,,,,,,,,,,,,,,,,,,,,,,,,,,,,,,,,,,,,,,,,,,,,,,,,,,,,,,,,,,,,,,,,,,,,,,,,,,,,,,,,,,,,,,,,,,,,,,,,,,,,,,,,,,,,,,,,,,,,,,,,,,,,,,,,,,
,1,2,3,4,5,6,7,8,9,10,11,12,13,14,15,16,17,18,19,20,21,22,23,24,25,26,27,28,29,30,31,32,33,34,35,36,37,38,39,40,41,42,43,44,45,46,47,48,49,50,51,52,53,54,55,56,57,58,59,60,61,62,63,64,65,66,67,68,69,70,71,72,73,74,75,76,77,78,79,80,81,82,83,84,85,86,87,88,89,90,91,92,93,94,95,96,97,98,99,100,101,102,103,104,105,106,107,108,109,110,111,112,113,114,115,116,117,118,119,120,121,122,123,124,125,126,127,128,129,130,131,132,133,134,135,136,137,138,139,140,141,142,143,144,145,146,147,148,149,150,151,152,153,154,155,156,157,158,159,160,161,162,163,164,165,166,167,168,169,170,171,172,173,174,175,176,177,178,179,180,181,182,183,184,185,186,187,188,189,190,191,192,193,194,195,196,197,198,199,200,201,202,203,204,205,206,207,208,209,210,211,212,213,214,215,216,217,218,219,220,221,222,223,224,225,226,227,228,229,230,231,232,233,234,235,236,237,238,239,240,241,242,243,244,245,246,247,248,249,250,251,252,253,254,255,256,257,258,259,260,261,262,263,264,265,266,267,268,269,270,271,272,273,274,275,276,277,278,279,280,281,282,283,284,285,286,287,288,289,290,291,292,293,294,295,296,297,298,299,300,301,302,303,304,305,306,307,308,309,310,311,312,313,314,315,316,317,318,319,320,321,322,323,324,325,326,327,328,329,330,331,332,333,334,335,336,337,338,339,340,341,342,343,344,345,346,347,348,349,350,351,352,353,354,355,356,357,358,359,360,361,362,363,364,365,366,367,368,369,370,371,372,373,374,375,376,377,378,379,380,381,382,383,384,385,386,387,388,389,390,391,392,393,394,395,396,397,398,399,400,401,402,403,404,405,406,407,408,409,410,411,412,413,414,415,416,417,418,419,420,421,422,423,424,425,426,427,428,429,430,431,432,433,434,435,436,437,438,439,440,441,442,443,444,445,446,447,448,449,450,451,452,453,454,455,456,457,458,459,460,461,462,463,464,465,466,467,468,469,470,471,472,473,474,475,476,477,478,479,480,481,482,483,484,485,486,487,488,
DLX,0,15,15,15,15,15,15,15,15,15,15,15,15,15,15,15,15,15,15,15,15,15,15,15,15,15,15,15,15,15,15,15,15,15,15,15,15,15,15,15,15,15,15,15,15,15,15,15,15,15,15,15,15,15,15,15,15,15,15,15,15,15,15,15,15,15,15,15,15,15,15,15,15,15,15,15,15,15,15,15,15,15,15,15,15,15,15,15,15,15,15,15,15,15,15,15,15,15,15,15,15,15,15,15,15,15,15,15,15,15,15,15,15,15,15,15,15,15,15,15,15,15,15,15,15,15,15,15,15,15,15,15,15,15,15,15,15,15,15,15,15,15,15,15,15,15,15,15,15,15,15,15,15,15,15,15,15,15,15,15,15,15,15,15,15,15,15,15,15,15,15,15,15,15,15,15,15,15,15,15,15,15,15,15,15,15,15,15,15,15,15,15,15,15,15,15,15,15,15,15,15,15,15,15,15,15,15,15,15,15,15,15,15,15,0,0,15,15,15,15,15,15,15,15,15,15,15,15,15,15,15,15,15,15,15,15,15,15,15,15,15,15,15,15,15,15,15,15,15,15,15,15,15,15,15,15,15,15,15,15,15,15,15,15,15,15,15,15,15,15,15,15,15,15,15,15,15,15,15,15,15,15,15,15,15,15,15,15,15,15,15,15,15,15,15,15,15,15,15,15,15,15,15,15,15,15,15,15,15,15,15,15,15,15,15,15,15,15,15,15,15,15,15,15,15,15,15,15,15,15,15,15,15,15,15,15,15,15,15,15,15,15,15,15,15,15,15,15,15,15,15,15,15,15,15,15,15,15,15,15,15,15,15,15,15,15,15,15,15,15,15,15,15,15,15,15,15,0,0,15,15,15,15,15,15,15,15,15,15,15,15,15,15,15,15,15,15,15,15,15,15,15,15,15,15,15,15,15,15,15,15,15,15,15,15,15,15,15,15,15,15,15,15,15,15,15,15,15,15,15,15,15,15,15,15,15,15,15,15,15,15,15,15,15,15,15,15,15,15,15,15,15,15,15,15,15,15,15,15,15,15,15,0,0,15,15,15,15,15,15,15,15,15,15,15,15,15,15,15,15,15,15,15,15,15,15,15,15,
ELWS,0,2,2,2,2,2,2,2,2,2,2,2,2,2,2,2,2,2,2,2,2,2,2,2,2,2,2,2,2,2,2,2,2,2,2,2,2,2,2,2,2,2,2,2,2,2,2,2,2,2,2,2,2,2,2,2,2,2,2,2,2,2,2,2,2,2,2,2,2,2,2,2,2,2,2,2,2,2,2,2,2,2,2,2,2,2,2,2,2,2,2,2,2,2,2,2,2,2,2,2,2,2,2,2,2,2,2,2,2,2,2,2,2,2,2,2,2,2,2,2,2,2,2,2,2,2,2,2,2,2,2,2,2,2,2,2,2,2,2,2,2,2,2,2,2,2,2,2,2,2,2,2,2,2,2,2,2,2,2,2,2,2,2,2,2,2,2,2,2,2,2,2,2,2,2,2,2,2,2,2,2,2,2,2,2,2,2,2,2,2,2,2,2,2,2,2,2,2,2,2,2,2,2,2,2,2,2,2,2,2,2,2,2,2,2,2,2,2,2,2,2,2,2,2,2,2,2,2,2,2,2,2,2,2,2,2,2,2,2,2,2,2,2,2,2,2,2,2,2,2,2,2,2,2,2,2,2,2,2,2,2,2,2,2,2,2,2,2,2,2,2,2,2,2,2,2,2,2,2,2,2,2,2,2,2,2,2,2,2,2,2,2,2,2,2,2,2,2,2,2,2,2,2,2,2,2,2,2,2,2,2,2,2,2,2,2,2,2,2,2,2,2,2,2,2,2,2,2,2,2,2,2,2,2,2,2,2,2,2,2,2,2,2,2,2,2,2,2,2,2,2,2,2,2,2,2,2,2,2,2,2,2,2,2,2,2,2,2,2,2,2,2,2,2,2,2,2,2,2,2,2,2,2,2,2,2,2,2,2,2,2,2,2,2,2,2,2,2,2,2,2,2,2,2,2,2,2,2,2,2,2,2,2,2,2,2,2,2,2,2,2,2,2,2,2,2,2,2,2,2,2,2,2,2,2,2,2,2,2,2,2,2,2,2,2,2,2,2,2,2,2,2,2,2,2,2,2,2,2,2,2,2,2,2,2,2,2,2,2,2,2,2,2,2,2,2,2,2,2,2,2,2,2,2,2,2,2,2,
PHI0,0,5.195747,5.195747,5.195747,5.195747,5.195747,5.195747,5.195747,5.195747,5.195747,5.195747,5.195747,5.195747,5.195747,5.195747,5.195747,5.195747,5.195747,5.195747,5.195747,5.195747,5.195747,5.195747,5.195747,5.195747,5.195747,5.195747,5.195747,5.195747,5.195747,5.195747,5.195747,5.195747,5.195747,4.928017,4.353618,4.353618,4.353618,4.353618,4.353618,4.353618,4.353618,4.353618,4.353618,4.353618,4.353618,4.353618,4.353618,4.353618,4.353618,4.353618,4.353618,4.353618,4.353618,4.353618,4.353618,4.353618,4.353618,4.096425,3.497961,3.497961,3.497961,3.497961,3.497961,3.497961,3.497961,3.497961,3.497961,3.497961,3.497961,3.497961,3.497961,3.497961,3.497961,3.497961,3.497961,3.497961,3.497961,3.497961,4.238028,4.446137,4.446137,4.446137,4.446137,4.446137,4.446137,4.446137,4.446137,4.446137,4.446137,4.446137,4.446137,4.446137,4.578197,4.832826,4.832826,4.832826,4.832826,4.832826,4.832826,4.832826,4.832826,4.832826,4.832826,4.832826,4.832826,4.832826,4.832826,4.832826,4.832826,4.832826,4.832826,4.832826,4.832826,4.832826,4.764132,4.218306,4.218306,4.218306,4.218306,4.218306,4.218306,4.410728,4.43039,4.43039,4.43039,4.43039,4.43039,4.43039,4.43039,4.43039,4.43039,4.43039,4.43039,4.43039,4.43039,4.43039,4.43039,4.43039,4.43039,4.43039,4.43039,4.43039,4.43039,4.43039,4.43039,4.43039,4.43039,4.43039,4.43039,4.43039,4.43039,4.43039,4.43039,4.43039,4.43039,4.43039,4.43039,4.43039,4.43039,4.43039,4.43039,4.43039,4.43039,4.43039,4.43039,4.43039,4.43039,4.43039,4.43039,4.43039,4.43039,4.43039,4.43039,4.43039,4.43039,4.43039,4.43039,4.43039,4.43039,4.43039,4.43039,3.843842,3.56107,3.56107,3.56107,3.56107,3.56107,3.56107,3.56107,3.56107,3.112853,3.046173,3.046173,3.046173,3.046173,3.046173,3.046173,3.046173,3.046173,3.046173,3.046173,3.046173,3.182189,4.431594,4.431594,4.431594,4.431594,4.431594,4.431594,4.431594,4.431594,4.431594,4.431594,0,0,5.497787,5.497787,5.497787,5.497787,5.497787,5.497787,5.497787,5.497787,6.161855,0.319636,0.319636,0.319636,0.319636,0.319636,0.319636,0.319636,0.319636,0.319636,0.22705,5.722022,5.722022,5.722022,5.722022,5.722022,5.722022,5.722022,5.722022,5.722022,5.722022,5.722022,5.722022,5.722022,5.722022,5.426844,5.261879,5.261879,5.261879,5.261879,5.261879,5.261879,5.261879,5.261879,5.261879,5.296555,6.118381,6.118381,6.118381,6.13993,0.369496,0.369496,0.369496,0.369496,0.369496,0.369496,0.369496,0.369496,0.369496,0.369496,0.369496,0.369496,0.081321,5.854921,5.854921,5.854921,5.854921,5.854921,5.854921,5.854921,5.854921,5.854921,5.854921,5.854921,5.854921,5.854921,5.854921,5.854921,5.854921,5.854921,5.854921,5.854921,5.854921,5.854921,5.854921,5.854921,5.931771,6.272839,6.272839,6.272839,6.272839,6.272839,6.272839,6.272839,6.272839,6.272839,6.272839,6.272839,6.272839,6.272839,6.272839,6.272839,6.272839,0.1512,0.404435,0.404435,0.404435,0.404435,0.404435,0.404435,0.404435,0.404435,0.404435,0.404435,0.404435,0.384137,6.162026,6.162026,6.162026,6.162026,6.162026,6.162026,6.162026,6.162026,6.162026,6.162026,6.162026,0.542162,1.150311,1.150311,1.150311,1.150311,1.150311,1.150311,1.150311,1.150311,1.150311,1.150311,0.548245,0.022557,0.022557,0.022557,0.022557,0.022557,0.022557,6.137778,5.671294,5.671294,5.671294,5.671294,5.671294,5.671294,5.671294,5.671294,5.671294,5.671294,5.671294,5.671294,5.671294,5.671294,5.671294,5.671294,5.671294,0,0,2.201956,2.201956,2.201956,2.201956,2.201956,2.201956,2.201956,2.201956,2.201956,2.201956,2.201956,2.201956,2.201956,2.201956,2.201956,2.201956,2.201956,2.201956,2.201956,2.201956,2.201956,2.201956,2.201956,2.201956,2.201956,2.201956,2.201956,2.201956,2.201956,2.201956,2.201956,2.201956,2.201956,2.201956,2.201956,2.201956,2.201956,2.201956,2.201956,2.201956,2.201956,2.201956,2.201956,2.201956,2.201956,2.201956,2.201956,2.201956,2.201956,2.201956,2.201956,2.201956,2.201956,2.201956,2.201956,2.201956,2.201956,2.201956,2.201956,2.201956,2.201956,2.201956,2.201956,2.201956,2.201956,2.201956,2.201956,2.201956,2.201956,2.201956,2.201956,2.201956,2.201956,2.201956,2.201956,2.201956,2.201956,2.201956,2.201956,2.201956,2.201956,2.201956,2.201956,0,0,1.060535,1.060535,1.060535,1.060535,1.060535,1.060535,1.138296,1.509271,1.544585,1.544585,1.544585,1.544585,1.544585,1.544585,1.544585,1.544585,1.544585,1.544585,1.544585,1.544585,1.544585,1.544585,1.544585,0,
FRIC,0,0.03,0.03,0.03,0.03,0.03,0.03,0.03,0.03,0.03,0.03,0.03,0.03,0.03,0.03,0.03,0.03,0.03,0.03,0.03,0.03,0.03,0.03,0.03,0.03,0.03,0.03,0.03,0.03,0.03,0.03,0.03,0.03,0.03,0.03,0.03,0.03,0.03,0.03,0.03,0.03,0.03,0.03,0.03,0.03,0.03,0.03,0.03,0.03,0.03,0.03,0.03,0.03,0.03,0.03,0.03,0.03,0.03,0.03,0.03,0.03,0.03,0.03,0.03,0.03,0.03,0.03,0.03,0.03,0.03,0.03,0.03,0.03,0.03,0.03,0.03,0.03,0.03,0.03,0.03,0.03,0.03,0.03,0.03,0.03,0.03,0.03,0.03,0.03,0.03,0.03,0.03,0.03,0.03,0.03,0.03,0.03,0.03,0.03,0.03,0.03,0.03,0.03,0.03,0.03,0.03,0.03,0.03,0.03,0.03,0.03,0.03,0.03,0.03,0.03,0.03,0.03,0.03,0.03,0.03,0.03,0.03,0.03,0.03,0.03,0.03,0.03,0.03,0.03,0.03,0.03,0.03,0.03,0.03,0.03,0.03,0.03,0.03,0.03,0.03,0.03,0.03,0.03,0.03,0.03,0.03,0.03,0.03,0.03,0.03,0.03,0.03,0.03,0.03,0.03,0.03,0.03,0.03,0.03,0.03,0.03,0.03,0.03,0.03,0.03,0.03,0.03,0.028,0.028,0.028,0.028,0.028,0.028,0.028,0.028,0.028,0.028,0.028,0.028,0.028,0.028,0.028,0.028,0.028,0.028,0.028,0.028,0.028,0.028,0.028,0.028,0.028,0.028,0.028,0.028,0.028,0.028,0.028,0.028,0.028,0.028,0.028,0.028,0.028,0.028,0.028,0.028,0.028,0.028,0.028,0.028,0.028,0.028,0.028,0,0,0.028,0.028,0.028,0.028,0.028,0.028,0.028,0.028,0.028,0.028,0.028,0.028,0.028,0.028,0.028,0.028,0.028,0.028,0.028,0.028,0.028,0.028,0.028,0.028,0.028,0.028,0.028,0.028,0.028,0.028,0.028,0.028,0.028,0.028,0.028,0.028,0.028,0.028,0.028,0.028,0.028,0.028,0.028,0.028,0.028,0.028,0.028,0.028,0.028,0.028,0.028,0.028,0.028,0.028,0.028,0.028,0.028,0.028,0.028,0.028,0.028,0.028,0.028,0.028,0.028,0.028,0.028,0.028,0.028,0.028,0.028,0.028,0.028,0.028,0.028,0.028,0.028,0.028,0.028,0.028,0.028,0.028,0.028,0.028,0.028,0.028,0.028,0.028,0.028,0.028,0.028,0.028,0.028,0.028,0.028,0.028,0.028,0.028,0.028,0.028,0.028,0.028,0.028,0.028,0.028,0.028,0.028,0.028,0.028,0.028,0.028,0.028,0.028,0.028,0.028,0.028,0.028,0.028,0.028,0.028,0.028,0.028,0.028,0.028,0.028,0.028,0.028,0.028,0.028,0.028,0.028,0.028,0.028,0.028,0.028,0.028,0.028,0.028,0.028,0.028,0.028,0.028,0.028,0.028,0.028,0.028,0.028,0.028,0.028,0.028,0.028,0.028,0.028,0.028,0.028,0.028,0.028,0.028,0.028,0.028,0.028,0,0,0.03,0.03,0.03,0.03,0.03,0.03,0.03,0.028,0.028,0.028,0.028,0.028,0.028,0.028,0.028,0.028,0.028,0.028,0.028,0.028,0.028,0.028,0.028,0.028,0.028,0.028,0.028,0.028,0.028,0.028,0.028,0.028,0.028,0.028,0.028,0.028,0.028,0.028,0.028,0.028,0.028,0.028,0.028,0.028,0.028,0.028,0.028,0.028,0.028,0.028,0.028,0.028,0.028,0.028,0.028,0.028,0.028,0.028,0.028,0.028,0.028,0.028,0.028,0.028,0.028,0.028,0.028,0.028,0.028,0.028,0.028,0.028,0.028,0.028,0.03,0.028,0.028,0.03,0.028,0.03,0.03,0.03,0.03,0,0,0.028,0.028,0.028,0.028,0.028,0.028,0.028,0.028,0.028,0.028,0.028,0.028,0.028,0.028,0.028,0.028,0.028,0.028,0.028,0.028,0.028,0.028,0.028,0,
LAYERH,,,,,,,,,,,,,,,,,,,,,,,,,,,,,,,,,,,,,,,,,,,,,,,,,,,,,,,,,,,,,,,,,,,,,,,,,,,,,,,,,,,,,,,,,,,,,,,,,,,,,,,,,,,,,,,,,,,,,,,,,,,,,,,,,,,,,,,,,,,,,,,,,,,,,,,,,,,,,,,,,,,,,,,,,,,,,,,,,,,,,,,,,,,,,,,,,,,,,,,,,,,,,,,,,,,,,,,,,,,,,,,,,,,,,,,,,,,,,,,,,,,,,,,,,,,,,,,,,,,,,,,,,,,,,,,,,,,,,,,,,,,,,,,,,,,,,,,,,,,,,,,,,,,,,,,,,,,,,,,,,,,,,,,,,,,,,,,,,,,,,,,,,,,,,,,,,,,,,,,,,,,,,,,,,,,,,,,,,,,,,,,,,,,,,,,,,,,,,,,,,,,,,,,,,,,,,,,,,,,,,,,,,,,,,,,,,,,,,,,,,,,,,,,,,,,,,,,,,,,,,,,,,,,,,,,,,,,,,,,,,,,,,,,,,K
0.2,0,0,0,0,0,0,0,0,0,0,0,0,0,0,0,0,0,0,0,0,0,0,0,0,0,0,0,0,0,0,0,0,0,0,0,0,0,0,0,0,0,0,0,0,0,0,0,0,0,0,0,0,0,0,0,0,0,0,0,0,0,0,0,0,0,0,0,0,0,0,0,0,0,0,0,0,0,0,0,0,0,0,0,0,0,0,0,0,0,0,0,0,0,0,0,0,0,0,0,0,0,0,0,0,0,0,0,0,0,0,0,0,0,0,0,0,0,0,0,0,0,0,0,0,0,0,0,0,0,0,0,0,0,0,0,0,0,0,0,0,0,0,0,0,0,0,0,0,0,0,0,0,0,0,0,0,0,0,0,0,0,0,0,0,0,0,0,0,0,0,0,0,0,0,0,0,0,0,0,0,0,0,0,0,0,0,0,0,0,0,0,0,0,0,0,0,0,0,0,0,0,0,0,0,0,0,0,0,0,0,0,0,0,0,0,0,0,0,0,0,0,0,0,0,0,0,0,0,0,0,0,0,0,0,0,0,0,0,0,0,0,0,0,0,0,0,0,0,0,0,0,0,0,0,0,0,0,0,0,0,0,0,0,0,0,0,0,0,0,0,0,0,0,0,0,0,0,0,0,0,0,0,0,0,0,0,0,0,0,0,0,0,0,0,0,0,0,0,0,0,0,0,0,0,0,0,0,0,0,0,0,0,0,0,0,0,0,0,0,0,0,0,0,0,0,0,0,0,0,0,0,0,0,0,0,0,0,0,0,0,0,0,0,0,0,0,0,0,0,0,0,0,0,0,0,0,0,0,0,0,0,0,0,0,0,0,0,0,0,0,0,0,0,0,0,0,0,0,0,0,0,0,0,0,0,0,0,0,0,0,0,0,0,0,0,0,0,0,0,0,0,0,0,0,0,0,0,0,0,0,0,0,0,0,0,0,0,0,0,0,0,0,0,0,0,0,0,0,0,0,0,0,0,0,0,0,0,0,0,0,0,0,0,0,0,0,0,0,0,0,0,0,0,0,0,0,0,0,0,0,0,0,0,0,0,0,0,0,0,0,0,0,0,0,0,0,0,0,0,0,0,0,0,0,0,0,0,0,1
0.2,0,10.93,10.93,17.93,12.4,14.07,11.67,20.8,19.93,14.53,16.13,10.8,12.8,10.6,15.6,16,17.13,26.87,12.8,21.27,27.53,53.2,50.13,55.47,49.07,34.07,28.67,26.8,28.27,25.47,19.27,23.07,21.33,27.27,27.6,30.8,26.07,32.47,32,27.53,30.6,30.6,33.4,30.8,30,34,31.73,26.2,22.8,25.73,35.8,36.4,35.33,35.6,30.47,28,23.07,22,26.53,32.4,27.13,31.53,30.4,28.13,32.87,36.4,35.33,36.47,35.93,32.33,32.73,35.33,26.47,26.13,36.6,44.6,26.73,27,39.33,51.47,51.87,47.6,63,65.8,51.2,58.6,59.27,59.4,42.47,35.6,35.73,44.67,61.07,70.27,68.6,58.4,89.6,96.87,73.73,75.27,91.47,119,120.27,90.87,121.47,103.53,91.93,104,95.8,76.13,76.47,80.13,81.6,57.33,75.2,85,64.2,76.27,82.93,62.47,54.67,62.87,55.8,62.47,61.87,63.87,62.8,61,57.6,64.67,61.67,64.47,61.2,65.93,57.93,77.8,78.27,82.47,76.4,124.53,66.4,112.27,94,118.47,127.87,97,124.73,148.4,138.33,129.73,140.67,201.13,194.6,172.8,178.67,184.47,180.8,176.67,303.93,359.53,214.2,258.53,247.8,336.2,237.2,263.73,191.27,281.47,219.2,145.27,203.87,204.13,221.53,154.33,147.4,165.8,142.87,85.47,83.07,80.6,113.8,119.73,212.93,89.47,108.47,111.93,96.2,107.07,67.73,104.6,120.47,131.67,124.4,59.47,70.47,77.27,102.93,122.93,131.27,64.6,125.6,54.33,56.67,57.67,39.93,63.33,84.73,77.87,88.47,108.73,129,117.27,105.73,178.27,0,0,75.47,143.27,152.07,38.07,78.93,117.6,106.87,66.27,84.13,109.73,96.27,156.4,223.73,135.33,150,236.33,171.93,154.4,242.13,465.47,273.07,187.2,309.27,271.93,256.33,320.53,379.53,329.07,615.53,258.13,196,197,122.27,130.2,59.8,80.87,114.67,250.33,217.6,253.4,198,224.6,209.13,189.2,200,202.73,138.07,180.07,265.53,206.27,161.2,209.47,97.87,163.27,142.13,128.27,134.27,141.73,171.6,77.73,94.8,197.47,263.07,226.67,292.27,358.13,462.67,464.07,366,343,318.13,267.67,223,366.87,203.6,232,187.27,238.53,250.2,258.47,175.6,356.6,197.67,261.67,207.2,195.13,175.33,159.33,188.4,233.13,204.8,190.2,281.13,194.67,247.2,304.53,306.6,401.33,366.27,223.33,303.07,302.67,279.33,226.6,257.8,275,307.67,220.2,258.07,248,239.2,442.73,419.8,747.53,219.8,366.73,402.2,456.73,252.73,285.33,213.67,227.87,422.73,426.13,292.93,176.6,143.8,333.87,198.8,286.07,258.8,155.87,236.53,138.53,531.33,724.6,578.87,362.67,272.4,250.47,171.87,219.47,271.27,495.8,288.4,433.73,450.6,307.67,310.47,438.67,235.67,159.87,308,423.13,308.07,318.47,239.07,322.27,230.13,147.47,174.13,0,0,5.47,8.2,87.53,90,151.73,164.87,176,92.73,183.13,232.27,270,252.33,285.13,199.33,288.6,215.2,261.13,194.67,301.13,257.93,329.07,330.6,276.2,175.4,255.6,267.4,311.53,281.53,442.8,362.47,410.67,365.33,419.33,464.67,378.4,263.07,304.47,305.67,356.93,307.4,380.67,324.6,281.8,291.53,270.87,263.2,208.33,237.07,191.67,159.8,141.53,116.27,153.07,119.2,140.2,91.47,97.07,176.2,130.27,131.8,126.53,177.67,131.33,138.8,182.67,237.8,245.6,180.87,58.27,34.27,36.2,58.33,70.27,51.93,34.4,41.2,33.2,39.2,22.73,9.47,23.87,18.53,9.13,0,0,215.81,436.17,515.54,468.61,409.65,765.52,647.97,568.52,643.47,643.28,763.06,816.08,868.69,1082.74,1017.5,869.75,778.28,699.4,626.75,476.34,435.02,2318.64,419.33,0,2
0.2,0,9.67,9.67,16.47,10.87,13,11.4,18.87,19.4,13.8,15.33,10,11.53,9.6,14.93,14.67,15.4,24.53,10.93,18.73,24,50.2,49.07,55.07,48.07,33,27.93,26.2,27.27,24.53,18.6,22.73,20.8,27,27.2,30.13,24.87,31.73,30.87,26.07,29.67,29.33,31.93,30.27,27.73,29.4,29.33,25.27,22,24.07,32.8,33.73,34.6,35.2,30,27.6,21.87,20.67,23.53,30.4,26.6,30.47,27.6,25.2,28.93,32.2,31.47,36,35.73,31.93,31.2,33.4,23.93,22.6,30.07,33.67,20.87,18.6,29.6,37.47,36.13,39.33,48.27,57.07,42.07,46.4,49.4,52.27,37.27,31.33,32.27,36.07,47.73,56.33,57.4,50.67,83.67,89.93,66.07,67.4,80.93,106.93,109.13,86.47,112.67,95.4,82.67,94.47,90.07,69.13,70.33,74,77.4,56.73,74.33,83,62.27,73.53,77.53,58.47,51.2,60,55.53,62.47,61.87,63.6,61.73,60.2,56.87,63.53,59,63.2,60.07,64.07,55.13,71.73,77.4,80,73.73,108.2,57.13,106.93,86.13,105.07,112.4,77.73,109.93,128.2,120.07,116.13,117.2,151.73,153,144.93,176.6,169.47,153.2,148.87,259.87,324.93,207.87,253.33,235.27,314.67,221.53,247.67,177.67,266.13,212.6,142,195.4,199.47,214.13,149.6,142.13,160.73,136.27,84.07,81.27,79.93,110.8,116.4,209.93,87.87,105.47,111.4,92.73,106.87,67.73,104.6,119.67,130.73,124.4,58.73,70.07,76.33,101.13,121.27,127,59.93,125.6,54.33,55.33,54.33,38.53,61.2,81.53,75.27,86.4,108.2,129,117.27,105.73,178.27,0,0,74.6,142.2,151.4,37.87,78.6,117.33,106.27,65.87,82.6,105.47,91.27,143.4,219.6,134.73,149.6,232.8,162.13,126.93,165.07,406.4,267.73,175.93,291.6,264.13,251.4,316.87,375.8,324.87,603.07,252.07,192.07,188,119.73,123.53,58.33,77.13,97.47,210.67,187.33,226.53,167.93,187.2,189.73,158.73,169.07,167.33,130.13,178.4,261.8,201.4,154.93,203.67,89.87,157.27,135.07,124.07,129.6,123.87,152.13,68.27,85.07,184.27,260.27,224.67,288.93,353.6,452.2,448.6,357.07,332.4,313.8,264.6,217.27,360.27,202.4,229.73,179.4,220.33,225.87,247.8,169.2,341,193.2,246.4,198.6,186,164.6,151.87,177.6,216.4,191.2,178.73,257.27,176.8,243.67,302.07,306.6,401.27,366.27,223.27,299.4,299.2,273.33,223.27,246.53,252,277.93,202.73,237.6,224.27,212.67,407.33,395.67,706.8,213.93,366.27,398.6,442.93,245.93,275.67,208.2,225.13,422.13,425.93,291.07,174.27,141.73,328.47,196.4,281.93,256.73,153.33,230.4,137.27,520.67,720.07,557.6,340.8,270.13,247.4,166.33,210.53,269.6,490.87,286.93,431.4,450.27,307.67,310.2,435.33,234.13,158.8,304.93,419.33,297.6,313.73,239.07,321.2,228.73,147.2,174.13,0,0,4.93,4.67,75.8,62.53,126.33,131.8,149.93,76.27,159.6,193.8,203.13,196,231.87,147,201.87,158.07,236.93,169.93,256.6,218.27,256.67,265.53,189.6,137.53,212.87,241.13,262.73,239.73,395.93,297.8,314,261.6,349.93,402.53,321.87,220.8,217.67,212.33,235.33,221,285,238.33,211.07,222.27,180.6,184.67,151.33,206.93,174.4,146.73,121.13,92.2,101.87,98.4,118.47,77.13,82.93,158.53,118.33,121.13,114.13,155.6,110.67,104.33,144.87,219.2,227.93,129.33,35.27,25.47,23.73,39.47,45.07,35.87,22.4,36.13,27.73,29.93,15.6,7.6,21.87,17.4,8.73,0,0,182.27,406.04,475.84,437.64,369.67,737.67,632.52,529.24,617.2,610.12,730.47,778.59,819.88,981.3,929.61,789.81,701.92,633.34,542.39,408.73,351.37,1534.47,357.87,0,3
0.1,0,6.27,6.27,13,9.2,10.2,10,16.53,17.73,12.47,12.67,8.47,8.87,7.33,13.27,13,11.8,18.8,7.67,14.87,18.4,43.07,47,53.4,45.8,31.4,26.87,24.73,25.2,23.33,17.53,22,20.27,26.67,25.67,28.73,22.73,28.93,28.27,23.07,27.8,27,30.73,29.8,25.4,27,23.93,23.67,20,23.07,30.07,26.2,26.13,30.73,29.27,27,21.4,20.47,21.93,29.07,25.33,29.6,25.93,23.07,25.47,27.27,26.13,31.33,34.2,31.67,30.53,32.07,22.67,21.4,27.27,27.27,17.27,16.53,26.07,33.93,26.33,24.13,33.2,36.33,27.47,31.27,29.73,30.73,24,19.47,20.27,22.73,32.47,37.67,41.87,34.93,61.67,55.13,32.8,36.93,54,69.87,73,64.47,74.67,55.93,55.27,71.13,62.33,51.2,48.73,50.2,45.47,36.07,52,55.53,52.53,61.6,56.6,44,40.87,48.4,46.6,52.53,55.07,63,60.07,58.33,54.4,61.6,55.4,60.67,52.53,51.2,49,61.07,75.6,78.6,71.13,103.47,50.87,92.8,75.47,98.73,104.47,67.27,99.8,113.47,107.27,106.33,107.53,132.73,130.27,95.2,98.47,103.07,90.8,97.53,141.4,162.13,134.13,156.27,129.27,196.87,146.73,181.8,141.93,220.07,174.47,113.87,175.4,176.13,187.07,141,132.33,132.07,116.6,74.4,71,70.87,104.47,111.07,202.6,84,95.67,102.67,89.07,104.87,67.73,104.6,118.13,129.2,124.4,57.8,69.47,74.6,98.87,117.93,120,54.33,125.2,54.33,49.33,50.13,37.13,56.93,74.67,69.73,81.27,105.13,129,117.27,105.73,178.27,0,0,73.6,140.4,150.13,37.33,78,116.67,105.33,65.13,81.27,101.87,84.33,128.07,210.6,133.47,146.07,209.4,139.6,108.4,124.27,274.8,192.53,124,197.67,210,205.53,267.87,333.73,287.2,536.93,158.53,132.73,155.33,97.87,95.33,48.47,63.67,63.73,108,133.33,152.07,108.2,111.93,108.2,113.07,106.93,98.53,72,96.2,157.13,151.2,116,145.13,63.27,94.13,75.2,69.33,65.33,69.33,91.87,51.4,70.07,142.87,174.47,181.2,248.6,289.87,345.93,346.4,290.73,264.33,198.87,141.4,119,243.33,162.6,164.27,129.6,166,155.93,141.73,108.2,214.8,123.6,163.8,125.27,128.6,123.13,115.67,137.2,165.2,153.2,136.93,181.27,97.53,131.2,188.73,219.4,279.73,219.13,147.93,162.07,129.53,134.93,104,109.73,117.93,135.13,81.4,111.87,118.67,111.2,215.93,231.47,237.87,98.47,282.2,119.4,169.87,145,183.6,141.6,161.73,330.87,309.53,144.93,88.13,94.27,241.6,157.73,224.13,195.93,104.67,138.33,90.27,321.8,436.47,282.73,160.13,139.87,148.87,103.4,141.13,192.13,310.93,113.4,215.8,248.8,188.07,210.33,299.6,140.33,95.47,167.13,214.93,177.6,174.4,156.2,228.87,167,98.2,101.4,0,0,4.33,2.13,28.67,19.67,63.47,64.8,98.4,41.93,64.87,86.6,105.33,120.33,118.27,85.27,155.47,126.67,213.27,139.8,173.87,146.33,171.87,152.53,122.33,108,161.47,172.13,181.67,166.4,309.07,241.33,218.93,140.73,158.93,228.73,197.73,133.4,118.6,106.93,126.27,116.87,172.47,162.73,136.07,149.6,129.87,135.13,105.73,140.27,112,88,70.2,49.4,49,57.87,58.33,45.07,47.67,72.93,51.07,64,48.27,65.47,43.33,44.8,57.8,40.73,71.27,23.2,16,9,13.4,21,26,20.47,12.6,18.93,13.67,18.8,10.87,6.53,17.8,15,7.6,0,0,140.74,322.89,386.72,367.94,264.03,605.13,523.62,383.23,488.59,435.26,464.14,493.13,628.55,634.72,468.18,438.22,415.45,408.32,211.63,121.26,98.31,794.14,209.87,0,4
0.1,0,1.6,1.6,9.27,9.2,8.13,9.07,14,15.87,12.47,12.13,8.47,7.67,7.33,11.4,12.27,11.8,13.13,7.67,9.93,12.6,34.53,44.6,50.33,45.8,31.4,26.87,24.73,23.93,23.33,17.53,21.33,20.27,25.93,25.67,27.47,22.73,26.53,27.73,23.07,26.07,27,30.07,29.8,25.4,25.6,23.93,23,20,22.27,28,26.2,25.8,28.93,29.27,27,21.4,20.47,21.67,28.27,25.33,28.93,25.93,23.07,23.93,25.27,26.13,28.13,32.2,31.67,30.53,30.87,22.67,21.4,26.07,26.67,17.27,16.53,25.27,32.67,26.33,24.13,32.6,32.87,27.47,25.8,26.67,27.73,24,19.47,19,21.2,30.73,35.87,37.87,34.93,51.53,53.53,32.8,28.13,35.47,44.13,54.13,51.93,53.67,55.93,48.47,56.53,62.33,51.2,45.07,40.8,44.47,36.07,39.13,44.53,48.33,54.67,56.6,44,39.6,35.27,37.07,43.47,48.53,61.07,60.07,58.33,54.4,58.93,55.4,52.67,52.53,45.53,44.67,49.07,62.13,70.13,71.13,98.93,50.87,88.93,75.47,93.07,101.07,67.27,96.73,107.73,107.27,103.07,105.8,128.87,129.87,95.2,88.8,83.33,86,77.47,93.4,100.87,110.13,99.6,119.87,112.53,121,89.2,89.47,123.27,167.33,113.87,95.87,138.07,148.2,141,127.2,121.2,116.4,74.4,69.4,61.87,87.8,109.33,196.6,84,92.87,99.4,89.07,102.53,67.73,104.6,116,127.53,124.4,57.8,68.53,73.33,96.27,115.73,116.87,54.33,122.13,54.33,49.33,49.27,37.13,56,68.33,69.73,75.4,101.33,129,117.27,105.73,178.27,0,0,72.53,139.07,149,37.33,77.47,115.93,105.33,65.13,78,93.87,84.33,110.07,180.6,133.47,125.73,188.8,139.6,108.4,102.2,185.07,192.53,124,112.73,157,141.53,186.87,242.67,287.2,401.6,158.53,132.73,103.27,97.4,86.33,48.47,47.67,52.53,61.6,65.4,48.8,56.47,51.4,58.47,58.87,66.2,53.2,58.4,48,85.4,94.33,86.33,84.87,63.27,52.07,54.87,39.8,34.07,29.2,32.6,36.27,19,40.4,51.27,74.67,74.73,97.13,131.2,133.27,124.2,119.6,93.27,102.67,86,56.33,58.73,55.2,60,53.87,75.6,63.27,66.53,58.2,72.6,44.6,44.27,40.87,53.6,50.13,55.8,70.53,77.07,66.27,53.33,75.87,44.8,51.4,54.27,58.47,83.93,85.53,64.4,69.27,71.2,58.93,48.07,53,55.13,70.73,40.6,45.2,38.33,55.93,70.13,80.87,93.73,254.93,119.4,54.73,34.6,38,46.33,36.07,48.4,102.53,103.33,65.6,38.2,54.27,88.27,59.67,100.6,77.07,46.33,57.67,61.8,99,122.33,54.6,27.07,21.93,23,21.13,33.6,28.53,30.8,80,100.13,72.13,64.53,78.2,132.67,74.47,51.8,90.4,104.27,62,51.2,45.27,62.33,47,44,0,0,0,2.13,12.2,12.87,18,35,45.53,41.93,42.53,64,79.07,88.27,95.2,85.27,138.67,126.67,185.07,139.8,119.47,135.73,124.73,129.07,105.8,99.2,105.8,125.93,143.2,152.07,237.07,241.33,218.93,140.73,112.67,180.2,197.73,133.4,107.47,90.33,75.8,87.73,80.47,93.8,99.13,94.33,92.47,80.4,93.67,68.33,87.8,69,53.93,41.27,34.6,33.4,36.6,31.47,25.4,35,41.47,26.33,35.47,26.13,34.8,21.2,24.27,26.87,45,23.2,16,9,11.8,16.4,18.73,20.47,12.6,14.67,13.67,15.6,10.87,6.53,14.33,15,7.6,0,0,119.41,273.15,330.22,367.94,264.03,368.9,386.67,356.87,488.59,435.26,227.31,225.04,495.24,338.31,204.66,160.91,240.79,147.2,95.09,120.46,60.71,548,128.93,0,5
0.1,0,1.6,1.6,9.27,6.8,6.27,9.07,14,15.87,11.67,10.2,6.53,5.93,4.47,11.4,10.67,8.6,13.13,3.2,9.93,12.33,34.53,44.6,50.33,42.87,29.6,25.33,23.2,23.27,23.07,16.73,21.33,19.6,25.93,24.87,27.47,20.8,26.53,24.93,20.53,26.07,25.27,30.07,28.4,24.47,25.6,22.13,21.4,17.6,22.27,28,25.2,24.67,28.93,27.27,26.47,21.07,20.13,21.67,28.27,24.2,28.93,24.87,20.67,23.93,25.27,24.2,28.13,32.2,30.73,29.87,30.87,21.87,20.33,26.07,25.73,16.6,15.93,25.27,32.67,25.33,23,32.6,32.8,25,25.8,24.93,27.73,22.47,18.6,17.47,21.2,30.73,35.87,37.87,32.93,51.53,36.33,24.67,27.2,35.47,43.93,40.67,40.53,53.67,42.8,44.67,56.53,53.13,43.07,36.27,40.2,37.47,27.93,39.13,44.53,44.47,54.67,51.07,37.8,30.27,35.27,27,43.47,48.53,61.07,58.8,56.87,52.13,58.93,48.47,48.67,43.6,42.27,35.47,49.07,62.13,68.33,64.93,98.93,48.8,88.93,70.93,93.07,101.07,66.47,96.73,107.73,97.73,103.07,105.8,128.87,124.53,85.87,78.33,83.33,71.87,77.47,93.4,95.13,75.53,99.6,83.8,112.53,84.67,83.2,77.2,123.27,111.4,76.87,95.87,107.2,136.13,102.53,100.07,105.87,98.47,61.27,52.93,52.27,87.8,109.33,196.6,81.93,92.87,99.4,87.2,102.53,67.53,104.6,116,127.53,124.33,57.07,68.53,73.33,96.27,115.73,110.87,53,122.13,54.2,40.67,49.27,36.8,56,68.33,63.47,75.4,101.33,129,117.27,105.73,178.27,0,0,72.53,139.07,149,37.07,77.47,115.93,104.53,64.33,78,93.87,77.27,110.07,180.6,114.07,125.73,188.8,130.8,80.07,86.4,185.07,97.67,69,112.73,104.33,109.6,186.87,242.67,203.4,401.6,139.87,97.93,88.2,75.53,86.33,32.93,47.67,51.6,61.6,41.93,48.8,44.53,49.87,39.53,58.87,41.2,53.2,33.27,48,85.4,80,62.2,84.87,33.13,52.07,36.4,30,27.93,27.67,32.6,13.13,19,40.4,51.13,40.8,36.67,65.4,74.87,78.07,66.67,61.27,78.33,72.27,48.27,52.8,41.2,45.8,39.6,53,48.8,62.2,39.47,58.2,37.67,39,33.8,30.07,28.67,34.07,47.93,50.4,50.2,38.6,53.33,35.2,44.8,37.4,29.8,44.93,59.33,29.87,33.6,48.8,40.87,30.47,29,32.2,54.4,31.87,31.73,28.07,25.87,55.93,60.53,80.87,73,254.93,45.6,29.6,26.07,26.13,17.93,19.73,40.27,67,43.4,33,15.8,54.27,31.07,57.2,42.87,29.33,40.53,26.27,61.8,81.33,33.73,14.07,14.67,10.67,13.73,14.47,7.6,14.47,19.93,80,30.67,29.07,26.67,48.2,23.2,15.33,27.4,55.27,36.27,30,18.2,23.13,24.6,17.73,17.07,0,0,0,0,12.2,12.13,18,28,45.53,29.53,42.53,64,79.07,87.13,77.4,70.93,138.67,105.67,185.07,94.87,119.47,108.47,117.8,97.13,89.33,66.07,105.8,125.93,134.33,97.07,237.07,195.87,157.87,100.13,110.07,180.2,160.8,92.53,72.73,65.67,73.6,68.4,71,79.07,81.4,80.6,64.47,70.87,52.6,68.33,56.13,40.73,29.2,25.93,25.6,28.07,24.13,19.33,20.6,35,18.8,26.33,18.8,26.13,18.4,20.67,22.67,19.13,45,17.8,11.73,8,11.8,16.4,16.13,12.4,9.33,14.67,10.93,15.6,6.53,4.87,14.33,12.2,6.2,0,0,119.41,273.15,330.22,288.46,170.35,368.9,386.67,260.5,335.81,240.33,205.21,225.04,221.23,129.54,120.84,112.51,68.34,68.67,55.31,53.92,47.03,347.75,73.2,0,6
0.1,0,1,1,3.27,5.73,5.93,7.13,11.4,12.87,11.67,10.2,6.53,5.87,4.13,6.13,10,5.4,7.67,3.2,5.73,8.73,27.67,40.13,42.53,42.87,29.6,25.33,23.2,22.33,22.27,16.73,20.73,19.6,25.13,24.87,25.8,20.8,24.2,24.93,20.53,24.33,25.2,28.87,28.4,24.47,23.93,22.13,21.4,17.6,21.4,26.27,25.2,24.6,27.47,27.27,26.33,21.07,20.13,21.07,27.27,24.2,28.2,24.87,20.67,22.8,23.47,24.07,26.67,30,30.73,29.87,29.33,21.87,20.33,25,25.4,16.6,15.93,24.33,31.67,25.33,23,31.6,31.93,25,25.2,24.93,25.87,22.47,18.6,17.47,15.73,28.8,34.2,35.67,32.93,42.67,36.33,24.67,22.2,30.47,35.27,38.67,33.8,38.07,42.8,39.73,47.2,50.53,43.07,36.27,33.47,37.07,27.93,36.33,37.47,39.4,49.27,51.07,37.8,30.27,32.67,27,39,46.2,57.33,58.8,56.87,52.13,52.67,48.47,45.87,43.6,42.27,35.47,41.8,49.67,57.13,62.93,90.73,48.8,85.8,70.93,90.07,98.13,66.47,94.93,106.13,97.73,98.2,103.93,124.2,124.53,85.87,78.33,81,71.87,71.87,83.4,89.07,75.53,80,83.8,107.07,84.67,83.07,77.2,89.73,99.53,76.87,75.6,79,98.53,102.53,92.27,101.73,98.47,61.27,52.93,46.33,57,65.73,171.13,81.93,86,91.27,87.2,93.53,67.53,98.87,109.8,126.33,124.33,57.07,67,70.8,94.13,113.4,110.87,53,114.13,54.2,40.67,48.93,36.8,55.53,63.8,63.47,69.53,94.33,128.27,117.27,105.73,178.27,0,0,71.53,129.27,137.87,37.07,68.33,101.53,104.53,64.33,63.4,74.93,77.27,92.2,162.6,114.07,108.73,109.67,130.8,80.07,69.6,124.4,97.67,69,64,84.93,79.33,91.67,121.67,160.93,155.33,139.87,97.93,87.53,75.53,78.07,32.93,45,49.67,59.47,41.93,45.8,44.53,42.73,39.53,48.2,41.2,47.53,33.27,45.73,77,80,62.2,81.13,33.13,49.73,36.4,30,27.93,27.27,29.07,13.13,15.07,33.2,43.47,40.8,36.67,51.13,56.53,63.53,66.67,56.2,67.87,72.27,48.27,47.53,41.2,37.4,39.6,46.87,48.8,53.87,39.47,50.53,37.67,37.47,33.8,30.07,28.67,30.33,42.33,44.4,45.27,38.6,44.53,35.2,39.27,37.4,29.8,37.4,42.67,29.87,28.27,40.47,40.87,30.47,28.2,28.33,46.4,31.87,30.33,28.07,25.87,43.93,49.6,72.67,73,242.6,45.6,29.6,26.07,22.47,17.93,16.13,27.53,46.07,43.4,33,15.8,31.13,31.07,15.93,27.67,21.47,27.13,26.27,47.93,62.4,33.73,14.07,13.2,10.67,9.67,11.27,7.6,11.13,12.27,63.27,30.67,26.93,21.13,22.6,23.2,15.33,17.13,36.07,36.27,27.6,18.2,12.8,16.93,16.8,13.93,0,0,0,0,8.2,11.47,13.93,20.33,36.2,29.53,35.47,50.27,60.67,71.73,77.4,67.27,113.53,105.67,167.2,94.87,102.4,108.47,97.53,97.13,87.4,66.07,85,101,112.6,97.07,179.33,195.87,157.87,100.13,92.8,126,157.73,92.53,72.73,60.47,57.67,64.67,60.27,66.33,72.27,74.47,64.47,57.07,52.6,49.73,56.13,40.73,29.2,25.8,23.2,23.67,24.13,19.33,17.47,25.2,18.8,18.13,18.8,20.13,18.4,16,18.47,19.13,27.67,17.8,11.73,8,9.4,10.73,13.47,11,9.33,12.33,10.93,12.6,6.53,4.87,9.93,12.2,6.2,0,0,72.51,193.09,238.31,288.46,170.35,142.67,185.88,240.13,335.81,240.33,111.12,89.73,212.34,129.54,54.35,47.55,43.5,52.13,47.24,53.92,32.88,286.5,65.87,0,7
0.1,0,1,1,3.27,4.8,3.4,7.13,11.4,11.67,9.93,7.07,4.47,2.93,2.8,6.13,2.07,5.4,7.67,2,5.73,8.73,27.67,40.13,42.2,37.93,26.07,22.8,21.47,21.73,22.07,16,20.73,19.07,25.13,23.53,25.8,19.13,24.2,18.33,17.47,24.33,23.93,28.87,26.93,23.13,23.67,20.87,16.33,14.4,21.4,26.27,24.07,23.47,27.47,25.4,25.6,20.67,19,21.07,27.27,22.87,28.2,23.6,17.93,22.8,23.33,21.67,26.67,30,29.07,27.6,29.33,20.73,19.4,25,24.13,16,15.4,24.33,31.67,24.33,21.4,31.6,31.93,24.47,25.2,21.87,25.87,21.67,16.6,11.67,15.73,28.8,34.2,35.67,30.2,42.67,27.93,20.07,21.6,30.47,35.27,30.73,32.87,37.87,37.8,39.07,47.2,48.2,37.8,30.6,33.47,32.33,25.67,36.33,36.87,36.53,49.27,48.33,36.47,28.47,32.67,23.73,39,46.2,57.33,57.73,55.4,49.27,52.67,43.13,43.4,40.2,36.73,31.73,41.8,49.67,55.73,53.6,90.73,46.53,85.8,68.8,90.07,98.13,65,94.93,106.13,96,98.2,103.93,124.2,113.27,78.33,75,81,67.93,71.87,83.4,82.07,68.07,80,74.47,107.07,82,77.4,60.47,89.73,72.87,56.07,75.6,79,98.53,80.87,92.27,101.73,95.27,57.87,45.53,40.47,57,65.73,171.13,77.2,86,91.27,76.53,93.53,54.47,98.87,109.8,126.33,122.47,54.47,67,70.8,94.13,113.4,104.33,52.2,114.13,50.47,38.13,48.93,36.47,55.53,63.8,56.73,69.53,94.33,128.27,117.27,105.73,178.27,0,0,71.53,129.27,135.47,33.27,68.33,101.53,89.27,52.4,63.4,74.93,66.6,92.2,162.6,102.53,95.73,108.4,80.07,59.33,68.2,124.4,61.07,45.13,64,56.67,56.4,91.67,116.8,87.33,155.33,74.47,58.93,67.13,73.2,78.07,26.93,45,49.67,59.47,37.73,45.8,41.07,42.07,31.47,48.2,33.53,47.53,32.07,45.73,77,76.4,58.2,81.13,32,49.73,33,26.93,26.47,25.73,29.07,10.8,15.07,33.2,43.47,34.53,29.27,51.13,56.53,60.67,48.87,51.73,67.87,65.2,45.87,47.53,33.53,37.4,32.67,46.87,40.87,53.87,29.87,50.53,35.2,37.47,32.53,28.8,26.8,30.33,42.33,41.73,39.93,33.53,44.53,31,39.27,36.6,26.47,37.4,42.67,22.33,28.27,40.47,33.13,26,26.47,28.33,46.4,28.8,30.33,26.87,23.47,43.93,48.6,72.67,64.8,242.6,35.47,23.67,19.27,20.27,14.33,15.53,27.53,46.07,33.4,27.73,11.67,31.13,11,15.6,15.4,17.87,27.13,12.4,47.93,62.4,29.07,12.4,12.47,9.33,9.27,8.07,3.67,11.13,11.47,63.27,24.73,17.8,12.13,22.6,13.07,8.53,17.13,36.07,23.33,17.07,7.87,11.47,12.07,9.93,13.93,0,0,0,0,8.2,10.4,13.93,20.33,36.2,18.67,35.47,50.27,60.67,69.6,58.4,53.73,113.53,97.8,167.2,76.4,102.4,87.87,88.4,74.73,70.87,51.53,85,101,108.53,74.87,179.33,119.8,105,85.53,88.47,126,120.6,58.93,53.27,52.13,57.07,54.8,56.47,66.33,67.53,69.6,46.4,44.8,35.93,49.73,39.93,31,22.8,21.4,21.73,23.6,20.2,16.07,15.53,25.2,12.27,18.13,13.33,20.13,13.53,16,18,15.53,27.67,13.13,9.2,6.73,9.4,10.73,9.93,9.4,8.2,12.33,8.6,12.6,4.8,2.07,9.93,8.4,3.4,0,0,72.51,193.09,238.31,163.05,69.79,109.47,185.88,169.17,217.09,94.51,61.88,66.35,91.95,39.85,38.77,15.47,20.53,19.72,25.26,20.51,22.07,147.47,17.2,0,8
0.1,0,0,0,1,1.87,3.33,2.2,3.53,7.93,6.2,7.07,4.47,2.8,1.33,2.13,2.07,1.07,2.33,2,2,3.6,19.47,29.07,36.33,34.4,26.07,22.27,19.47,20.73,20.27,16,20.07,19.07,24,23.53,23.87,19.13,19.93,18.33,14.47,21,23.13,27.27,26.93,23.13,22.93,20.87,16.33,10.07,20.27,22.07,24.07,23.33,25.93,25.4,24,20.67,19,18.13,24.6,22.87,24.07,23.6,17.93,21.87,22.33,21.67,25.2,26.13,27.8,26.07,27.47,20.73,19.4,23.6,24.13,16,15.4,23.4,30.33,24.33,21.4,30.2,31.27,24.47,24.27,21.87,23.73,21.67,16.6,11.67,7.73,17.6,32.2,33.6,30.2,36.53,27.93,20.07,16.8,21.4,27.53,29.8,27.8,30.33,35.13,34,33.33,40.27,33,29.6,28.13,30.87,25.67,33.07,34.33,34.53,45.4,47.4,36.47,28.47,30.53,23.73,32.67,40.8,49.53,54.2,55.4,49.27,42.13,43.13,38.47,39.07,36.53,27.47,34.27,38.4,43.8,47.8,62.93,46.53,51.87,68.8,82.47,92.67,65,92.6,104.47,96,95.07,91.4,104.67,109.13,78.33,74.6,79.87,67.93,68.47,78.4,79.27,68.07,72.13,74.47,74.67,82,77.4,60.47,82.53,72.87,56.07,57.27,70.47,93.73,80.87,89.4,98.53,95.27,57.87,45.53,40.47,52.8,54.93,150.33,77.2,71.47,75.67,76.53,64.87,54.47,45.4,86.33,110.6,118.53,54.47,57.27,61.67,92,111.33,104.33,52.2,94.33,50.47,38.13,47.6,36.47,53.6,60.07,56.73,63.4,87.67,125,117.27,105.73,178.27,0,0,68.8,117.33,123.2,33.27,61.07,89.67,89.27,52.4,50.33,61.27,66.6,88.53,155.2,102.53,95.73,92.27,80.07,59.33,53.53,93.27,61.07,45.13,50.53,56.2,49.4,59.8,77,85.07,86.4,74.47,56.8,50.4,71.07,72.33,26.93,43.27,48.13,57.67,37.73,44.27,41.07,39.33,31.47,44.27,33.53,43.93,32.07,43.2,73.07,74.6,58.2,78.87,32,47.73,33,26.93,25.8,25.47,26.13,10.8,13.87,30.67,40,34.53,29.27,47.2,49.2,52.47,48.87,46.93,61.13,64.2,45.87,43.8,33.53,34,32.67,42.33,40.87,44.33,29.87,47.93,35.2,36.13,32.53,28.8,26.8,27.73,38.13,40.2,39.73,33.53,40.53,31,34.87,36.6,26.47,36.2,36.53,22.33,24.07,35,33.13,26,25,26.07,38.8,28.8,29.27,26.87,23.47,39.07,44.73,67.07,64.8,231.47,35.47,23.67,19.27,17.33,14.33,13.53,22.47,35.47,33.4,27.73,11.67,21.87,11,14.4,15,14.33,20.07,12.4,37.87,47.2,29.07,12.4,11.27,9.33,8.33,7.8,3.67,9.67,10.2,46.13,24.73,17.8,12.13,16.2,13.07,8.53,14.27,26.33,23.33,17.07,7.87,8.47,9.8,9.73,11.6,0,0,0,0,0,0.33,4.27,6,4.8,7.8,13.6,21.53,32.4,38.4,42.13,46.07,79.2,97.13,123.13,76.4,67.13,87.87,68.07,70.53,62.33,51.53,55.2,70.07,78.47,74.87,97.4,119.8,91.2,85.53,73.73,72.73,100,58.93,47.33,46.67,44.87,48.2,42.73,48.47,53.87,49.4,46.4,30.8,33.2,28.33,37.33,31,22.8,18.6,18.4,19.2,20.2,16.07,13.87,16.6,12.27,13.53,13.33,14.53,13.53,11.33,13.4,15.33,12.07,13.13,8.67,6.73,5.93,7.53,9.53,8.67,8.2,7.93,8.6,7.2,4.8,2.07,1,6.73,3.4,0,0,27.99,113.88,141.51,163.05,69.79,72.6,56.13,45.62,175.4,94.51,29.85,28.97,62.58,39.85,22.24,15.47,8.97,7.44,10.04,20.51,10.53,115.5,17.2,0,9
0.1,0,0,0,1,1.87,0.13,0.27,2.53,0.67,2.47,0.93,0.53,0.2,1.33,1,0.47,0,0.4,0,2,2.6,19.47,29.07,25.27,32.2,15.93,15.6,19.47,15.67,20.27,14.67,20.07,18.47,24,22,23.87,16.13,19.93,8.67,12.73,21,22,27.27,24.67,21.87,19.73,18.4,4.8,10.07,20.27,22.07,22.53,21.47,25.93,22.33,21.27,18.73,14.73,18.13,24.6,17.27,24.07,19.87,14,21.87,19.4,14.8,25.2,21.6,18.2,20.2,27.47,17.53,18.27,23.6,20.6,14.6,14.53,23.4,30.33,18.8,14.67,30.2,25.07,23.53,23.87,14.87,23.73,19.93,10.47,3,3.27,17.6,32.2,31.33,22,36.53,21.67,9.27,7.6,21.4,26.13,20.53,27.8,28.6,28.6,26.07,30.8,29,20.93,23.93,28.13,27.87,23.27,33.07,32.13,32.33,45.4,45.27,34.53,26.73,30.53,17.6,32.67,40.8,49.53,54.2,47.87,38.8,40.8,35.2,36.93,30.6,14.73,19.6,34.27,38.4,43.8,39.6,62.93,31.13,51.87,58.53,82.47,92.67,62.07,92.6,104.47,94.27,90.33,91.4,104.67,109.13,73.6,70.47,79.87,63.53,68.47,78.4,62.73,61.53,72.13,52.33,74.67,62.73,72.33,57.73,82.53,67.27,48.2,57.27,70.47,93.73,77.47,89.4,98.53,92.13,56.33,44,39,52.8,54.93,150.33,49.6,36.47,33.8,38.93,40.07,21.8,45.4,86.33,110.6,87.4,43.73,57.27,61.67,92,111.33,96.4,51.53,94.33,40.53,37.13,47.6,35.33,53.6,60.07,50.93,63.4,87.67,125,117.27,105.73,178.27,0,0,68.8,117.33,121,29.33,61.07,89.67,74.8,43.6,49.93,61.27,59.27,88.53,155.2,96.93,84.93,92.27,65.67,49.27,53.07,93.27,46.33,32.87,50.53,43.93,38.33,59.8,54.33,41.53,86.4,48.6,45.87,50.4,71.07,69.07,25.13,43.27,48.13,57.67,36.47,44.27,38.2,38.4,27.93,44.27,29.87,43.93,30,43.2,73.07,74.47,56.6,78.87,31.13,47.73,30.93,24.33,23.53,22.33,26.13,10,13.87,30.67,40,31.73,27.47,47.2,49.2,52,41.93,46.93,61.13,60.4,41,43.8,31.07,34,29.73,42.33,36.4,44.33,24.47,47.93,33.4,36.13,31.93,27.93,25.8,27.73,38.13,37.27,36.53,30.13,40.53,27.33,34.87,35.33,25.73,36.2,36,18.13,24.07,35,27.87,24.4,24.87,26.07,38.8,26,29.27,25.73,22.27,39.07,44.73,67.07,58.13,231.47,29.13,20.07,16.8,17.2,12.53,13.53,22.47,35.47,28.4,23.73,9.8,21.87,9.27,14.4,13.07,13.33,20.07,8.13,37.87,47.2,24.6,10.4,9.87,6.93,6.87,6.53,3.33,9.67,8.53,46.13,20.47,11.27,9.2,16.2,8.33,6.87,14.27,26.33,18.53,13.33,6.33,8.47,8.27,7.13,11.6,0,0,0,0,0,0,0,0,0,2.13,13.6,21.13,32.4,38.4,39.87,29.73,79.2,64.07,123.13,52.93,63.67,53,57.93,50.2,50.47,35.07,55.2,56.87,62.93,43.13,97.4,57.13,58.33,48.87,46.93,71.2,63.87,30.4,32.67,31.47,36,27.27,36.27,37.07,39.07,42.4,25.8,27.2,19.13,27.27,23.73,19.53,15.27,15.13,16.67,15.53,12.4,11.47,9.73,16.6,8.33,13.53,9.53,14.53,9.27,10,11.47,8.2,6,5.67,5.53,4.87,5.13,7.53,6.93,5.53,6.13,7.93,3.53,6,1.2,0.07,0.73,0,0,0,0,27.99,113.88,99.84,50.19,16.31,24,34.18,39.62,63.65,19.01,27.05,28.97,46.54,17.95,22.24,4.87,3.97,5.75,3.7,2.29,3.71,53.31,2,0,10
0.1,0,0,0,0,0,0.13,0,0,0,0,0,0,0,0,0,0.2,0,0,0,0,0,0.53,11.2,11.13,13.27,15.93,9.87,12.27,15.67,13.33,14.67,13.47,18.47,18.13,22,20.47,16.13,14.27,8.67,5.27,10.13,17.33,20.13,24.67,21.87,18.93,15,4.8,4,8.67,18.53,18.73,20.87,19.4,22.33,19.4,14.2,12.6,9.93,14.53,17.27,13.53,19.87,14,10.53,19.4,12.6,7.6,18.93,12,6.33,11.33,17.53,10.53,15.2,20.6,14.53,8.47,11.8,22.4,18.8,9.6,10,25.07,16.87,20.2,14.87,12.33,19.93,10.47,3,0.4,0.47,7.73,30.4,22,10.73,21.67,5.87,1.73,0.6,10.87,16.27,6.4,15.13,13.4,22.4,22.93,26.4,20.93,8.93,9.33,14.6,23.27,22.6,32.13,28.53,29.8,41.73,34.53,26.73,23.27,17.6,4.87,25.53,38.6,45.67,47.8,38.8,36.93,35.2,33.87,30.6,14.6,3.4,7.6,31.47,36.53,39.6,36.27,31.13,26.8,44.27,45.4,62.6,62.07,58.8,87.87,94.27,90.33,88.6,89.73,103.6,73.6,70.47,61.2,63.53,60,67.27,62.73,57.27,54.6,52.33,49.8,62.73,53.8,55.33,76.33,67.27,48.2,53.07,62.73,90.73,77.47,86.73,95.53,92.13,56.33,44,39,50.2,51.6,105.13,49.6,36.47,33.33,29.73,25.13,21.8,42.6,69.4,82,87.4,43.73,45,53.4,73.73,94.73,96.4,51.53,75.13,40.53,28.67,35.6,35.33,43.2,49.07,50.93,48.27,74.07,118.6,117.27,105.73,178.27,0,0,66.27,107,112,29.33,45.33,68,74.8,43.6,33.93,46.8,51.2,78.27,144.2,96.93,84.93,83.07,65.67,49.27,44.33,73.2,46.33,32.87,41.33,43.93,38.33,40.6,46.33,41.53,58.73,48.6,37.67,40.47,66.4,68.8,25.13,41.4,46.07,55.73,36.47,42.27,38.2,37,27.93,41.67,29.87,41.2,30,41.53,70.8,71.93,56.6,57.2,31.13,41.2,30.93,24.33,21.27,18.87,24.07,10,12.67,28.73,36.53,31.73,27.47,43.53,45.33,46.8,41.93,42.6,53.33,57.47,41,40.07,31.07,31.4,29.73,39.73,36.4,32.27,24.47,45,33.4,34.87,31.93,27.93,25.8,25.53,35,36.13,35.47,30.13,39.07,27.33,33.47,34.4,25.73,34.87,35.47,18.13,20.53,31.33,27.87,24.4,23.6,23.93,33.73,26,28.13,25.73,22.27,35.27,41.27,60.27,58.13,213.93,29.13,20.07,16.8,16.33,12.53,12.4,20.53,28.67,28.4,23.73,9.8,17.8,9.27,13.13,13.07,12.27,17.53,8.13,32.2,34.6,24.6,10.4,9.33,6.93,6.4,6.33,3.33,8.47,8.53,30.27,20.47,11.27,9.2,13.13,8.33,6.73,10.93,18.73,18.53,13.33,6.33,5.93,7.33,6.93,9.13,0,0,0,0,0,0,0,0,0,0.8,5.33,11.73,18.87,29.67,34.73,29.73,48.67,64.07,87.93,52.93,44.4,50.53,42.33,43.47,36.13,35.07,23.73,39.53,34.73,37.8,48,57.13,39.47,41.13,36,43.53,57.47,30.4,20.8,22.4,23.2,27.27,18.93,25.6,28.6,31.4,25.8,20.6,19.13,11.2,18.6,15.8,13.4,10.53,9.07,10.8,9.2,5.87,6.93,5.33,8.33,4.8,8.87,5.6,8.07,5.53,6.13,4,0.93,0.93,0.8,0.67,2,0.07,0.93,0.53,0,0.13,0.13,0,0.07,0,0,0,0,0,0,2,30.55,31.96,19.34,9.84,15.87,10,19.66,32.37,19.01,5.37,9.68,20.08,17.95,4.66,4.87,2,2,2,2,2,4.5,2,0,11
0.1,0,0,0,0,0,0,0,0,0,0,0,0,0,0,0,0,0,0,0,0,0,0,0,0,0,0,0.27,0.07,0,1,0.6,8.73,12.87,10.13,12,10.67,3.93,0.8,1.93,4.93,10.13,17.33,17.33,15.2,16.73,7.8,4.8,0.07,4,8.67,5,3.53,9.47,13.47,9.73,3.4,2.4,0.87,3.47,6.6,5.4,6.67,8.87,4.07,0,0,0.47,3.93,1.07,0,0.93,8.93,0.07,0,1.6,0.4,0.6,0.4,0,0.4,0.47,1.87,6.07,7.67,5.27,9.4,1,12.33,4.73,0,0.07,0,0,0.2,2.53,0.93,2.67,0,0,0,0.13,0,0,0.4,1.8,0.13,0.73,0.2,0.13,0,0,0,0.13,0,0.6,0,0.13,0.33,0,7.2,9.47,1.73,0,0.47,7.67,10.13,7.07,14.93,3.67,0,0,0,0,0,0,0,2.33,4.93,5.13,0.13,0.73,17.13,24.8,37.47,32.87,23.33,24.93,1.13,0,0,0.27,0,0,2.8,0.8,0,0,0,0,2.87,11.73,23.4,11.6,0.67,29.53,51.27,50.4,76.33,59.47,42.87,53.07,62.73,90.73,75.6,86.73,95.53,89.8,55.13,42.73,37.4,50.2,48.53,105.13,36.13,32.67,29.2,18.93,25.13,17.2,42.6,69.4,82,65.87,36.6,45,53.4,73.73,94.73,91.53,48.6,75.13,25.2,28.6,35.6,27.87,43.2,49.07,38.27,48.27,74.07,118.6,117.27,105.73,178.27,0,0,66.27,107,95.87,21.87,45.33,68,56,28.33,33.93,46.8,47.53,78.27,144.2,88.07,74,81.8,58.2,41.07,42.2,73.2,35.87,26.8,41.33,35.67,32.07,40.6,41.53,32.33,58.73,27.2,23.53,35.2,66.4,61.27,23.73,41.4,46.07,55.73,34.67,42.27,35.6,35.87,25.8,41.67,27.6,41.2,28.53,41.53,70.8,71.93,52.4,57.2,21.6,41.2,27.67,17.67,17.13,18.73,24.07,8.33,12.67,28.73,36.53,28.73,25.13,43.53,44.07,45.13,38.13,42.6,53.33,54,36.67,40.07,28.2,31.4,27.73,39.73,28.87,32.27,21.87,45,31.87,34.87,31.2,27.13,25.2,24.93,35,34.33,34.53,28.4,39.07,26.2,33.47,34.4,25,34.87,34.33,16.2,20.53,31.33,23.93,22.53,22.67,23.47,33.73,25.07,28.13,24.47,20.67,35.27,41.27,60.27,53.93,213.93,22.27,18.2,16,16.33,12,12.4,20.53,28.67,23.6,19.8,6.27,17.8,8.53,13.13,11.8,11.87,17.53,6.67,32.2,34.6,18.4,7.93,6.53,5.6,5.67,5.47,2.87,8.47,7.4,30.27,15.13,8.6,7.93,13.13,5.13,5.07,10.93,18.73,14.53,10.07,4.8,5.93,5.67,5.67,9.13,0,0,0,0,0,0,0,0,0,0.8,5.33,6.2,16.13,22.6,27.53,15.73,48.67,35.6,87.93,25.2,34.67,23.07,27.93,22.8,25.4,14.87,17.93,15,11.8,18.93,48,26.07,25.13,20.4,22.2,43.53,21.13,4.87,8,6,8.13,8.87,10.53,11.33,15.47,23.13,10.2,4.27,1.27,2.07,1.93,0,0,0,0,0,0,0,0,0,0,0,0,0,0,0,0,0,0,0,0,0,0,0,0,0,0,0,0,0,0,0,0,0,0,0,0,2,2,2,2,2,2,2,2,2,2,2,2,2,2,2,2,2,2,2,2,2,2,2,0,12
0.1,0,0,0,0,0,0,0,0,0,0,0,0,0,0,0,0,0,0,0,0,0,0,0,0,0,0,0,0,0,0,0,0,0,0,0,0,0,0,0,0,0,0,0,0,0,0,0,0,0,0,0,0,0,0,0,0,0,0,0,0,0,0,0,0,0,0,0,0,0,0,0,0,0,0,0,0,0,0,0,0,0,0,0,0,0,0,0,0,0,0,0,0,0,0,0,0,0,0,0,0,0,0,0,0,0,0,0,0,0,0,0,0,0,0,0,0,0,0,0,0,0,0,0,0,0,0,0,0,0,0,0,0,0,0,0,0,0,0,0,0,0,0,0,0,0,0,0,0,0,0,0,0,0,0,0,0,0,0,0,0,0,0,0,0,0,6.47,35.67,59.73,59.47,42.87,50.47,52.73,65.93,74.33,77.47,91.73,89.8,55.13,42.73,37.4,48.27,48.53,90.33,36.13,32.67,29.2,18.93,23.27,17.2,40.93,50.67,67.4,65.87,36.6,33.53,40.2,66.6,87.07,91.47,48.6,52.87,25.2,22.6,31.6,27.87,37.4,46.4,38.27,38.2,54.13,94.87,112.2,105.73,178.27,0,0,63.73,79.2,95.87,21.87,31.67,49.13,56,28.33,27,36.33,42.07,56.27,105.13,88.07,74,70.73,58.2,41.07,31.13,55.73,35.87,26.8,31.2,35.67,32.07,32.73,36.53,32.33,51.27,27.2,23.53,21.67,37.53,52,23.73,39.47,43.47,52.73,34.67,38.8,35.6,33.8,25.8,35,27.6,38.73,28.53,39.73,68.6,69.73,52.4,43.6,21.6,23.4,27.67,17.67,16.07,17.6,22.53,8.33,12.27,27.13,34.13,28.73,25.13,36.87,40.73,40.53,38.13,38.2,42.87,47.93,36.67,38,28.2,28.4,27.73,34.67,28.87,26.93,21.87,39.33,31.87,32.33,31.2,27.13,25.2,24.6,31.67,33.47,32.6,28.4,37.07,26.2,31.73,32.6,25,25.53,33.73,16.2,17,28.2,23.93,22.53,21.6,22,28.27,25.07,26.73,24.47,20.67,30.27,33.4,44.93,53.93,190.6,22.27,18.2,16,15.27,12,11.53,17.6,23.2,23.6,19.8,6.27,15.67,8.53,11.13,11.8,11.27,15.2,6.67,27,29.8,18.4,7.93,6.53,5.6,5.33,5.4,2.87,4.07,7,9.87,15.13,8.6,7.93,8.2,5.13,3.33,7.4,9.33,14.53,10.07,4.8,4.27,4.73,4.4,5.13,0,0,0,0,0,0,0,0,0,0,0.13,1.93,3.73,9.67,8.93,12.93,11.07,32.67,51.27,25.2,17.8,23.07,16.07,16.07,10.67,12.73,9.8,7.27,3.67,6.67,14.47,26.07,14.2,14,8.07,5.87,21.13,4.87,0,2.07,4.07,4.6,4.27,7.13,6.93,9.8,10.2,4.27,1.27,0.53,1,0,0,0,0,0,0,0,0,0,0,0,0,0,0,0,0,0,0,0,0,0,0,0,0,0,0,0,0,0,0,0,0,0,0,0,0,0,0,0,0,0,0,0,0,0,0,0,0,0,0,0,0,0,0,0,0,0,0,0,0,13
0.1,0,0,0,0,0,0,0,0,0,0,0,0,0,0,0,0,0,0,0,0,0,0,0,0,0,0,0,0,0,0,0,0,0,0,0,0,0,0,0,0,0,0,0,0,0,0,0,0,0,0,0,0,0,0,0,0,0,0,0,0,0,0,0,0,0,0,0,0,0,0,0,0,0,0,0,0,0,0,0,0,0,0,0,0,0,0,0,0,0,0,0,0,0,0,0,0,0,0,0,0,0,0,0,0,0,0,0,0,0,0,0,0,0,0,0,0,0,0,0,0,0,0,0,0,0,0,0,0,0,0,0,0,0,0,0,0,0,0,0,0,0,0,0,0,0,0,0,0,0,0,0,0,0,0,0,0,0,0,0,0,0,0,0,0,0,6.47,34.53,59.73,51.13,39.73,50.47,52.73,65.93,60.67,77.47,91.73,85.93,53.53,41.33,35.73,48.27,46,90.33,34.4,31.27,28.4,18.27,23.27,15.87,40.93,50.67,67.4,54.13,22.87,26.93,40.2,66.6,87.07,72.53,44.87,52.87,16.4,22.6,31.6,23.53,37.4,46.4,34.8,38.2,54.13,94.87,112.2,105.6,178.27,0,0,63.73,79.2,63.93,15.2,31.67,49.13,42.93,22.87,27,36.33,38.4,56.27,105.13,78.6,61.87,65.07,37.13,27.2,31.13,55.73,27.73,20.27,31.2,28.53,24.47,32.73,35.8,28.27,51.27,23.07,19,21.67,37.53,48.4,22.6,39.47,43.47,52.73,32.53,38.8,31.4,33.2,24.33,35,25.27,38.73,27.13,39.73,68.6,62.07,37.27,43.6,14.8,23.4,17.33,15,15.8,17.6,22.53,7.6,12.27,27.13,34.13,25.13,21.53,36.87,37,38.67,33.93,38.2,42.87,44.8,31.13,38,26.67,28.4,26,34.67,21.67,26.93,19.67,39.33,29.6,32.33,29.73,25.73,24,23.67,31.67,31.27,32.27,26.67,37.07,25.2,31.73,32.6,22.53,25.53,24.8,12.33,17,28.2,22.2,21,21.2,21.87,28.27,23.33,26.73,22.33,17.87,30.27,33.4,44.93,42.07,190.6,19.33,17,14.8,14.8,10.47,10.93,17.6,23.2,18.53,17.33,5.67,15.67,7.67,11.13,10.33,10.33,15.2,5.47,27,23.73,11.6,5.4,4.73,4.6,4.93,3.13,2.2,4.07,6.33,9.87,11.07,7,6.67,8.2,1.13,3.33,7.4,9.33,8.93,6.6,3.73,3.47,3.33,4,5.13,0,0,0,0,0,0,0,0,0,0,0.13,0,0,0,0,0,0.27,6.27,51.27,8.13,11.67,7.67,6.47,5.87,8.33,3.33,0.27,0,0,2.6,0.13,0,0.8,0.2,0.4,0.2,0,0,0,0,0,0,0.53,0,0.13,0.13,0,0,0,0,0,0,0,0,0,0,0,0,0,0,0,0,0,0,0,0,0,0,0,0,0,0,0,0,0,0,0,0,0,0,0,0,0,0,0,0,0,0,0,0,0,0,0,0,0,0,0,0,0,0,0,0,0,0,0,0,0,0,0,0,0,14
0.1,0,0,0,0,0,0,0,0,0,0,0,0,0,0,0,0,0,0,0,0,0,0,0,0,0,0,0,0,0,0,0,0,0,0,0,0,0,0,0,0,0,0,0,0,0,0,0,0,0,0,0,0,0,0,0,0,0,0,0,0,0,0,0,0,0,0,0,0,0,0,0,0,0,0,0,0,0,0,0,0,0,0,0,0,0,0,0,0,0,0,0,0,0,0,0,0,0,0,0,0,0,0,0,0,0,0,0,0,0,0,0,0,0,0,0,0,0,0,0,0,0,0,0,0,0,0,0,0,0,0,0,0,0,0,0,0,0,0,0,0,0,0,0,0,0,0,0,0,0,0,0,0,0,0,0,0,0,0,0,0,0,0,0,0,0,0,0.07,5.27,5.73,0,5.4,23.87,24.33,31.47,31.93,47.07,48.87,53.53,41.33,35.73,39.47,46,76,34.4,28.93,26.4,18.27,18.2,15.87,37.73,39.8,27.73,50.2,22.87,22.33,24.27,42.67,63.87,72.53,44.87,41.47,16.4,19.8,27.87,23.53,21.47,31.07,34.8,33.67,39.33,45.07,81.53,105.6,171.67,0,0,32.07,56.27,58.47,15.2,24.6,36.73,42.93,22.87,19.93,23.4,29.4,41.8,66.8,78.6,61.87,55.8,37.13,27.2,25.53,45.27,27.73,20.27,24.6,27.33,23.67,24.4,30.53,28.27,45.07,23.07,19,19.47,24.73,29.8,22.6,36.8,39.8,47.27,32.53,31,31.4,30.27,24.33,28.8,25.27,35.8,27.13,37.27,57.73,62.07,37.27,31.33,14.8,17.8,17.33,14.73,13.87,16.2,21.2,7.6,11.4,25.13,31.2,25.13,21.53,33.33,34.93,31.67,31.93,31.33,34.47,34.13,31.13,35.47,26.67,25.93,26,24.27,21.67,20.6,19.67,30.33,29.6,28,29.73,25.73,24,23.33,23.33,27.67,28.8,26.67,33.13,25.2,28.13,30.33,22.53,19.73,21.73,12.33,14.47,24.8,22.2,21,19.73,20.47,25.2,23.33,22.47,22.33,17.87,24.87,27.87,22.87,23.27,19.8,19.33,17,14.8,13.13,10.47,8.27,9.87,16.27,18.53,15.47,5.67,1.07,7.67,5.73,7.07,7.27,8.07,5.47,4.67,22.6,11.6,5.4,2.93,2.47,3.07,3.13,0.8,0.33,0.6,5.33,3.8,2.27,5.33,4.07,0.47,0,0.07,0.67,3.6,4.33,2.67,1.2,1.67,1,1.67,0,0,0,0,0,0,0,0,0,0,0,0,0,0,0,0,0,0,2.67,8.13,6.2,7.47,4.47,3.53,3.27,3.33,0.27,0,0,0,0,0,0,0,0,0,0,0,0,0,0,0,0,0,0,0,0,0,0,0,0,0,0,0,0,0,0,0,0,0,0,0,0,0,0,0,0,0,0,0,0,0,0,0,0,0,0,0,0,0,0,0,0,0,0,0,0,0,0,0,0,0,0,0,0,0,0,0,0,0,0,0,0,0,0,0,0,0,0,0,0,15
0.1,0,0,0,0,0,0,0,0,0,0,0,0,0,0,0,0,0,0,0,0,0,0,0,0,0,0,0,0,0,0,0,0,0,0,0,0,0,0,0,0,0,0,0,0,0,0,0,0,0,0,0,0,0,0,0,0,0,0,0,0,0,0,0,0,0,0,0,0,0,0,0,0,0,0,0,0,0,0,0,0,0,0,0,0,0,0,0,0,0,0,0,0,0,0,0,0,0,0,0,0,0,0,0,0,0,0,0,0,0,0,0,0,0,0,0,0,0,0,0,0,0,0,0,0,0,0,0,0,0,0,0,0,0,0,0,0,0,0,0,0,0,0,0,0,0,0,0,0,0,0,0,0,0,0,0,0,0,0,0,0,0,0,0,0,0,0,0,0,0,0,0,0,0,0,0.4,0,4.33,30.67,32.33,30.6,39.47,34.2,76,24.27,21.53,17.33,16.93,18.2,12.93,37.73,23.73,27.73,50.2,16.93,22.33,21.67,42.67,63.27,44.8,29.8,35.87,10.93,19.8,27.87,17.2,17.4,31.07,30.53,32.47,39.33,41.33,81.53,77.4,171.67,0,0,32.07,41.87,45.6,12.07,24.6,36.73,29.33,16.47,19.33,22.53,24.93,41.8,66.8,55.67,44,46.07,29.6,22.53,25.53,45.27,22.13,15.87,24.6,21.07,18.73,24.4,30.53,23.93,45.07,20.73,17.67,19.47,24.73,25.93,19.93,36.8,39.8,47.27,25.8,30.13,27.4,30.27,22.47,28.8,22.33,35.8,25.2,37.27,57.73,41.73,23.47,24.47,10.33,17.8,12.93,11.87,13.87,16.2,21.2,7.13,11.4,25.13,31.2,23.13,19.53,33.33,28.47,26.67,26.73,31.33,26.8,31.93,23.8,35.47,24.87,24.8,18.8,24.07,18.47,20.6,15.93,30.33,24.67,28,27.27,23.13,21.27,16.6,23.33,25.53,28,22.07,33.13,22.33,28.13,21.13,13.8,19.73,20.2,10.07,14.47,24.8,20,18.53,19.27,19.87,25.2,19.53,22.47,18.27,14.6,24.87,13.4,0,0,0,0,0,0,0.27,0,0,0,0,0,0,0,0,0,0,0,0,0,0,0,0,0,0,0,0,0,0,0,0,0,0,0,0,0,0,0,0,0,0,0,0,0,0,0,0,0,0,0,0,0,0,0,0,0,0,0,0,0,0,0,0,0,0,0,0.07,0,0,0,0,0,0,0,0,0,0,0,0,0,0,0,0,0,0,0,0,0,0,0,0,0,0,0,0,0,0,0,0,0,0,0,0,0,0,0,0,0,0,0,0,0,0,0,0,0,0,0,0,0,0,0,0,0,0,0,0,0,0,0,0,0,0,0,0,0,0,0,0,0,0,0,0,0,0,0,0,0,0,0,0,0,0,0,0,0,0,0,0,16
0.1,0,0,0,0,0,0,0,0,0,0,0,0,0,0,0,0,0,0,0,0,0,0,0,0,0,0,0,0,0,0,0,0,0,0,0,0,0,0,0,0,0,0,0,0,0,0,0,0,0,0,0,0,0,0,0,0,0,0,0,0,0,0,0,0,0,0,0,0,0,0,0,0,0,0,0,0,0,0,0,0,0,0,0,0,0,0,0,0,0,0,0,0,0,0,0,0,0,0,0,0,0,0,0,0,0,0,0,0,0,0,0,0,0,0,0,0,0,0,0,0,0,0,0,0,0,0,0,0,0,0,0,0,0,0,0,0,0,0,0,0,0,0,0,0,0,0,0,0,0,0,0,0,0,0,0,0,0,0,0,0,0,0,0,0,0,0,0,0,0,0,0,0,0,0,0,0,0,0,9.67,23.93,29,33,51.4,24.27,21.53,17.33,13.93,15.13,12.93,34.73,23.73,23.4,46.53,16.93,19.6,20.73,21.67,23.53,21.6,27.93,20.47,10.93,8.67,15.4,17.2,11.93,3.33,6.2,13.4,20.27,33.8,29.87,48.13,98,0,0,17.4,26.67,33.4,12.07,16.67,23.13,29.33,16.47,14.13,16.47,18.2,21.47,37.93,51.67,39.4,37.33,29.6,22.53,20.93,37.13,22.13,15.87,20.47,21.07,18.73,19.47,23.73,23.93,36.53,20.73,17.67,18.07,20.67,22.8,19.93,32.93,35.13,37.6,25.8,25.27,27.4,27.13,22.47,25.4,22.33,31.4,25.2,32.73,41.47,41.73,23.47,18.93,10.33,15.13,12.93,11.87,12.13,14.67,19,7.13,9.87,21.8,26.73,23.13,19.53,27.47,28.47,24.8,23.07,25.27,26.8,28.33,23.8,31.73,24.87,23.67,18.8,17.73,18.47,16.07,15.93,23.93,24.67,22.8,25.6,23.13,21.27,16.6,15.8,19.27,21.73,19.87,15.73,22.33,13.6,14.6,13.8,16.4,17.87,10.07,12.33,20.93,20,18.53,17.27,18.2,21.73,19.53,17.8,18.27,14.6,19.2,13.4,0,0,0,0,0,0,0,0,0,0,0,0,0,0,0,0,0,0,0,0,0,0,0,0,0,0,0,0,0,0,0,0,0,0,0,0,0,0,0,0,0,0,0,0,0,0,0,0,0,0,0,0,0,0,0,0,0,0,0,0,0,0,0,0,0,0,0,0,0,0,0,0,0,0,0,0,0,0,0,0,0,0,0,0,0,0,0,0,0,0,0,0,0,0,0,0,0,0,0,0,0,0,0,0,0,0,0,0,0,0,0,0,0,0,0,0,0,0,0,0,0,0,0,0,0,0,0,0,0,0,0,0,0,0,0,0,0,0,0,0,0,0,0,0,0,0,0,0,0,0,0,0,0,0,0,0,0,0,0,17
0.1,0,0,0,0,0,0,0,0,0,0,0,0,0,0,0,0,0,0,0,0,0,0,0,0,0,0,0,0,0,0,0,0,0,0,0,0,0,0,0,0,0,0,0,0,0,0,0,0,0,0,0,0,0,0,0,0,0,0,0,0,0,0,0,0,0,0,0,0,0,0,0,0,0,0,0,0,0,0,0,0,0,0,0,0,0,0,0,0,0,0,0,0,0,0,0,0,0,0,0,0,0,0,0,0,0,0,0,0,0,0,0,0,0,0,0,0,0,0,0,0,0,0,0,0,0,0,0,0,0,0,0,0,0,0,0,0,0,0,0,0,0,0,0,0,0,0,0,0,0,0,0,0,0,0,0,0,0,0,0,0,0,0,0,0,0,0,0,0,0,0,0,0,0,0,0,0,0,0,9.67,21.67,29,26.6,51.4,19.4,14.93,11.8,11.73,15.13,10.6,34.73,21.53,23.4,46.53,15.47,19.6,19.6,21.67,14.93,6.87,0,20.47,6.67,0.53,15.4,5.2,2,2,2,2,2.8,11.2,22,34.47,98,0,0,17.4,26.67,28.6,7.8,16.67,23.13,17.8,10.33,12.07,13.4,14.8,21.47,37.93,28.93,35.07,36.4,22.87,16.87,20.93,37.13,17.8,13.13,20.47,16.93,15.13,19.47,23.73,19.8,36.53,18.8,16.33,18.07,20.67,21.4,16.27,32.93,32.27,28.8,17.47,25.27,24.6,27.13,19.8,25.4,19.4,31.4,23.07,32.73,41.47,23.53,14,18.93,8.6,15.13,11.2,9.93,12.13,14.67,19,6.2,9.87,21.8,26.73,19.73,16.53,27.47,19.93,20.47,20.73,25.27,23.8,28.33,21.07,31.73,22.27,17.73,12.33,17.73,9.73,15.73,10.8,23.93,18.27,22.8,24.07,18.73,13.67,12.6,15.8,13.4,11,2.53,12.67,4.53,9.13,13.6,11.13,16.4,16.27,8.2,12.33,20.93,17.4,16.13,16.93,17.6,21.73,15.87,17.53,14.13,11.2,19.2,5.4,0,0,0,0,0,0,0,0,0,0,0,0,0,0,0,0,0,0,0,0,0,0,0,0,0,0,0,0,0,0,0,0,0,0,0,0,0,0,0,0,0,0,0,0,0,0,0,0,0,0,0,0,0,0,0,0,0,0,0,0,0,0,0,0,0,0,0,0,0,0,0,0,0,0,0,0,0,0,0,0,0,0,0,0,0,0,0,0,0,0,0,0,0,0,0,0,0,0,0,0,0,0,0,0,0,0,0,0,0,0,0,0,0,0,0,0,0,0,0,0,0,0,0,0,0,0,0,0,0,0,0,0,0,0,0,0,0,0,0,0,0,0,0,0,0,0,0,0,0,0,0,0,0,0,0,0,0,0,0,18
0.1,0,0,0,0,0,0,0,0,0,0,0,0,0,0,0,0,0,0,0,0,0,0,0,0,0,0,0,0,0,0,0,0,0,0,0,0,0,0,0,0,0,0,0,0,0,0,0,0,0,0,0,0,0,0,0,0,0,0,0,0,0,0,0,0,0,0,0,0,0,0,0,0,0,0,0,0,0,0,0,0,0,0,0,0,0,0,0,0,0,0,0,0,0,0,0,0,0,0,0,0,0,0,0,0,0,0,0,0,0,0,0,0,0,0,0,0,0,0,0,0,0,0,0,0,0,0,0,0,0,0,0,0,0,0,0,0,0,0,0,0,0,0,0,0,0,0,0,0,0,0,0,0,0,0,0,0,0,0,0,0,0,0,0,0,0,0,0,0,0,0,0,0,0,0,0,0,0,0,0,6.07,22.67,25.93,29.73,19.4,14.93,11.53,10.2,11.33,10.6,26.53,21.53,21.07,43.07,15.47,16.93,18.33,18.87,14.93,6.87,0,12.07,6.67,0.53,5.6,5.2,2,2,2,2,2,2,2,2,39.2,0,0,11.8,16.93,22.27,7.8,10.93,14.87,17.8,10.33,10.47,11.53,12.73,13.53,16.8,21.27,10.87,22.2,22.87,16.87,14.4,18.07,17.8,13.13,13.6,16.93,14.47,14.13,16.87,19.8,28.8,18.8,16.33,16.33,17.47,18.93,16.27,26.33,30,27.73,17.47,17.87,22.87,23.33,19.8,22.33,19.4,25.67,23.07,19.27,25.07,23.53,14,14.93,8.6,12.53,11.2,9.93,10.2,11.2,13.93,6.2,7.13,12.67,20,19.73,16.53,11.4,15.93,15.4,17.6,16.8,20.93,21.87,21.07,19.4,22.27,13.47,12.33,9.93,9.73,11.4,10.8,16.27,18.27,16.53,19.73,18.73,13.67,11.2,10.73,12.33,6.6,2.53,0,0.33,2.47,9.4,11.13,13.2,14.47,8.2,9.87,16.53,17.4,15.8,14.87,15.4,17.27,15.87,13.87,14.13,11.2,12.2,5.4,0,0,0,0,0,0,0,0,0,0,0,0,0,0,0,0,0,0,0,0,0,0,0,0,0,0,0,0,0,0,0,0,0,0,0,0,0,0,0,0,0,0,0,0,0,0,0,0,0,0,0,0,0,0,0,0,0,0,0,0,0,0,0,0,0,0,0,0,0,0,0,0,0,0,0,0,0,0,0,0,0,0,0,0,0,0,0,0,0,0,0,0,0,0,0,0,0,0,0,0,0,0,0,0,0,0,0,0,0,0,0,0,0,0,0,0,0,0,0,0,0,0,0,0,0,0,0,0,0,0,0,0,0,0,0,0,0,0,0,0,0,0,0,0,0,0,0,0,0,0,0,0,0,0,0,0,0,0,0,19
0.1,0,0,0,0,0,0,0,0,0,0,0,0,0,0,0,0,0,0,0,0,0,0,0,0,0,0,0,0,0,0,0,0,0,0,0,0,0,0,0,0,0,0,0,0,0,0,0,0,0,0,0,0,0,0,0,0,0,0,0,0,0,0,0,0,0,0,0,0,0,0,0,0,0,0,0,0,0,0,0,0,0,0,0,0,0,0,0,0,0,0,0,0,0,0,0,0,0,0,0,0,0,0,0,0,0,0,0,0,0,0,0,0,0,0,0,0,0,0,0,0,0,0,0,0,0,0,0,0,0,0,0,0,0,0,0,0,0,0,0,0,0,0,0,0,0,0,0,0,0,0,0,0,0,0,0,0,0,0,0,0,0,0,0,0,0,0,0,0,0,0,0,0,0,0,0,0,0,0,0,6.07,22.67,21.47,29.73,9.6,9,8.73,8.07,11.33,8,26.53,19.13,21.07,43.07,14.27,16.93,17.93,18.47,8.33,1.47,0,12.07,2.93,0.53,5.6,0.8,2,2,2,2,2,2,2,2,39.2,0,0,11.8,16.93,20.67,5.4,10.93,14.87,14,8.73,10.47,11.53,10.8,13.53,15.73,5.07,7.27,12.93,13,11.6,14.33,17.93,10.4,6.73,13.6,11.8,11.6,14.13,16.2,14.87,28.8,14.67,15,16.33,17.47,17,12.07,26.33,21.73,19.67,11.2,17.87,21.27,23.33,16.93,22.33,16.8,25.67,15.27,15.67,23.2,12.27,10.07,14.93,7.07,12.53,9.67,8.27,10.2,10.73,13.93,4.47,7.13,12.67,11.07,7.07,4.07,10.6,11.13,14.67,13.33,16.07,18.2,21.67,14.4,16.33,9.53,9.67,6.93,6.4,3.13,11.4,6.87,16.27,12.93,16.53,18.73,10.2,8,8.27,8.8,2.27,0,0,0,0.2,2.47,9.4,7.93,13.2,12.8,6.6,9.87,16.53,13.93,13,13.67,14.47,17.27,11.13,10.73,9.53,7.13,12.2,1,0,0,0,0,0,0,0,0,0,0,0,0,0,0,0,0,0,0,0,0,0,0,0,0,0,0,0,0,0,0,0,0,0,0,0,0,0,0,0,0,0,0,0,0,0,0,0,0,0,0,0,0,0,0,0,0,0,0,0,0,0,0,0,0,0,0,0,0,0,0,0,0,0,0,0,0,0,0,0,0,0,0,0,0,0,0,0,0,0,0,0,0,0,0,0,0,0,0,0,0,0,0,0,0,0,0,0,0,0,0,0,0,0,0,0,0,0,0,0,0,0,0,0,0,0,0,0,0,0,0,0,0,0,0,0,0,0,0,0,0,0,0,0,0,0,0,0,0,0,0,0,0,0,0,0,0,0,0,0,20
0.1,0,0,0,0,0,0,0,0,0,0,0,0,0,0,0,0,0,0,0,0,0,0,0,0,0,0,0,0,0,0,0,0,0,0,0,0,0,0,0,0,0,0,0,0,0,0,0,0,0,0,0,0,0,0,0,0,0,0,0,0,0,0,0,0,0,0,0,0,0,0,0,0,0,0,0,0,0,0,0,0,0,0,0,0,0,0,0,0,0,0,0,0,0,0,0,0,0,0,0,0,0,0,0,0,0,0,0,0,0,0,0,0,0,0,0,0,0,0,0,0,0,0,0,0,0,0,0,0,0,0,0,0,0,0,0,0,0,0,0,0,0,0,0,0,0,0,0,0,0,0,0,0,0,0,0,0,0,0,0,0,0,0,0,0,0,0,0,0,0,0,0,0,0,0,0,0,0,0,0,0,14.93,19.4,18.47,9.6,5.33,6.87,7.27,5.93,8,17.13,19.13,18.8,37.33,14.27,14.6,16.2,17,8.33,1.47,0,2.4,2.93,0.53,1.07,0.8,2,2,2,2,2,2,2,2,2,0,0,6.73,9.2,10.73,5.4,3.07,6,9,8.73,9.07,9.8,10.73,9.2,9.87,5.07,1.53,0.4,4.6,6.87,5.13,0.8,1.07,5.2,6.6,9.6,9.4,8.8,11,13,19.07,14.67,12.13,14,15.33,16.33,12.07,11.6,20,9.2,11.2,7.33,12.67,18.2,16.93,19.93,16.8,16,15.27,12.73,12.47,11.47,8.53,9.87,7.07,9.27,9.67,8.27,7.4,9.13,7.8,4.47,3.13,4.53,7.8,6,2.47,0.07,3.4,9.2,11.73,10.87,13,12.33,4.33,4.8,8.47,7.33,6.27,2,0.13,5.93,6.87,3.73,10.53,9.6,13,10.2,1.27,3.07,4.87,2.27,0,0,0,0,0,1.27,6.6,9.33,11.2,6.6,7,12.13,13.93,11.87,10.07,10.93,10.8,11.13,6.67,4.33,4.33,4.53,1,0,0,0,0,0,0,0,0,0,0,0,0,0,0,0,0,0,0,0,0,0,0,0,0,0,0,0,0,0,0,0,0,0,0,0,0,0,0,0,0,0,0,0,0,0,0,0,0,0,0,0,0,0,0,0,0,0,0,0,0,0,0,0,0,0,0,0,0,0,0,0,0,0,0,0,0,0,0,0,0,0,0,0,0,0,0,0,0,0,0,0,0,0,0,0,0,0,0,0,0,0,0,0,0,0,0,0,0,0,0,0,0,0,0,0,0,0,0,0,0,0,0,0,0,0,0,0,0,0,0,0,0,0,0,0,0,0,0,0,0,0,0,0,0,0,0,0,0,0,0,0,0,0,0,0,0,0,0,0,21
0.1,0,0,0,0,0,0,0,0,0,0,0,0,0,0,0,0,0,0,0,0,0,0,0,0,0,0,0,0,0,0,0,0,0,0,0,0,0,0,0,0,0,0,0,0,0,0,0,0,0,0,0,0,0,0,0,0,0,0,0,0,0,0,0,0,0,0,0,0,0,0,0,0,0,0,0,0,0,0,0,0,0,0,0,0,0,0,0,0,0,0,0,0,0,0,0,0,0,0,0,0,0,0,0,0,0,0,0,0,0,0,0,0,0,0,0,0,0,0,0,0,0,0,0,0,0,0,0,0,0,0,0,0,0,0,0,0,0,0,0,0,0,0,0,0,0,0,0,0,0,0,0,0,0,0,0,0,0,0,0,0,0,0,0,0,0,0,0,0,0,0,0,0,0,0,0,0,0,0,0,0,14.93,16.13,13.07,1.53,5.13,5.73,3,5,2.73,17.13,16.4,18.8,37.33,12.8,14.6,16.2,15.13,4.87,0.4,0,2.4,0.07,0.53,1.07,0.8,2,2,2,2,2,2,2,2,2,0,0,6.73,2.93,2.93,0,0,1.47,8.33,7,9.07,9.67,6.93,1.07,0,0,0,0.4,0,0.07,0,0,0.47,2.87,6.6,7.07,6.6,8.53,9.87,8.73,19.07,10.4,9.93,14,15.13,12.8,8.2,11.6,0.27,8.73,3.2,4.73,12.67,18.2,13.27,19.93,13.33,16,11.27,10.4,4.13,1.33,6.27,9.87,5.33,9.27,6.6,6.13,7.33,5.27,5.93,2.27,3.07,1.6,0.2,0.07,0,0,3.4,9.2,8.93,10.13,5.27,0.8,0.27,2.33,5.2,1.47,0,0,0.07,5.93,1,3.33,5.87,8.47,8.4,0,1.27,0.47,1.07,0,0,0,0,0,0,1.27,4.13,9.33,9.13,5.33,7,12.13,8,6.2,5.53,0.93,5.07,0.13,0.53,0,0,0.07,0,0,0,0,0,0,0,0,0,0,0,0,0,0,0,0,0,0,0,0,0,0,0,0,0,0,0,0,0,0,0,0,0,0,0,0,0,0,0,0,0,0,0,0,0,0,0,0,0,0,0,0,0,0,0,0,0,0,0,0,0,0,0,0,0,0,0,0,0,0,0,0,0,0,0,0,0,0,0,0,0,0,0,0,0,0,0,0,0,0,0,0,0,0,0,0,0,0,0,0,0,0,0,0,0,0,0,0,0,0,0,0,0,0,0,0,0,0,0,0,0,0,0,0,0,0,0,0,0,0,0,0,0,0,0,0,0,0,0,0,0,0,0,0,0,0,0,0,0,0,0,0,0,0,0,0,0,0,0,0,22
0.1,0,0,0,0,0,0,0,0,0,0,0,0,0,0,0,0,0,0,0,0,0,0,0,0,0,0,0,0,0,0,0,0,0,0,0,0,0,0,0,0,0,0,0,0,0,0,0,0,0,0,0,0,0,0,0,0,0,0,0,0,0,0,0,0,0,0,0,0,0,0,0,0,0,0,0,0,0,0,0,0,0,0,0,0,0,0,0,0,0,0,0,0,0,0,0,0,0,0,0,0,0,0,0,0,0,0,0,0,0,0,0,0,0,0,0,0,0,0,0,0,0,0,0,0,0,0,0,0,0,0,0,0,0,0,0,0,0,0,0,0,0,0,0,0,0,0,0,0,0,0,0,0,0,0,0,0,0,0,0,0,0,0,0,0,0,0,0,0,0,0,0,0,0,0,0,0,0,0,0,0,4.6,9.87,11,1.53,0.6,2.87,3,0.87,2,7.73,11.73,15.53,25.67,12.8,12,14.27,14.93,4.87,0.4,0,0.8,0.07,0.53,1.07,0.8,2,2,2,2,2,2,2,2,2,0,0,0,2.33,0,0,0,0,1.4,5.33,7.47,8.4,6.93,1.07,0,0,0,0,0,0,0,0,0,0,0,1.53,4.4,4.8,6.67,6.8,11.67,10.4,8.47,9.4,12.13,12.8,8.2,6.6,0.27,0,2.53,1,3.8,10.6,13.27,16.87,13.33,11.93,11.27,9.67,4.13,1.27,0,2.33,5.33,4.47,6.6,4.8,5.33,4.93,3.13,2.27,1.67,0.67,0,0,0,0,0,2.6,6.73,7,5.27,0.8,0,0,0.27,1.4,0,0,0,0,1,0.07,1.13,1.2,3.07,0,0,0,0,0,0,0,0,0,0,0,0,2,6.07,5.33,4.4,5.67,8,5.2,2.93,0.53,0,0,0,0,0,0,0,0,0,0,0,0,0,0,0,0,0,0,0,0,0,0,0,0,0,0,0,0,0,0,0,0,0,0,0,0,0,0,0,0,0,0,0,0,0,0,0,0,0,0,0,0,0,0,0,0,0,0,0,0,0,0,0,0,0,0,0,0,0,0,0,0,0,0,0,0,0,0,0,0,0,0,0,0,0,0,0,0,0,0,0,0,0,0,0,0,0,0,0,0,0,0,0,0,0,0,0,0,0,0,0,0,0,0,0,0,0,0,0,0,0,0,0,0,0,0,0,0,0,0,0,0,0,0,0,0,0,0,0,0,0,0,0,0,0,0,0,0,0,0,0,0,0,0,0,0,0,0,0,0,0,0,0,0,0,0,23
0.1,0,0,0,0,0,0,0,0,0,0,0,0,0,0,0,0,0,0,0,0,0,0,0,0,0,0,0,0,0,0,0,0,0,0,0,0,0,0,0,0,0,0,0,0,0,0,0,0,0,0,0,0,0,0,0,0,0,0,0,0,0,0,0,0,0,0,0,0,0,0,0,0,0,0,0,0,0,0,0,0,0,0,0,0,0,0,0,0,0,0,0,0,0,0,0,0,0,0,0,0,0,0,0,0,0,0,0,0,0,0,0,0,0,0,0,0,0,0,0,0,0,0,0,0,0,0,0,0,0,0,0,0,0,0,0,0,0,0,0,0,0,0,0,0,0,0,0,0,0,0,0,0,0,0,0,0,0,0,0,0,0,0,0,0,0,0,0,0,0,0,0,0,0,0,0,0,0,0,0,0,4.6,6.6,3.73,0,0.6,1.33,0.13,0.07,0,7.73,11.73,15.53,25.67,10.6,12,14.27,10.33,1.6,0,0,0.8,0.07,0.53,1.07,0.8,2,2,2,2,2,2,2,2,2,0,0,0,0,0,0,0,0,1.4,5.33,7.47,7.67,1.93,0,0,0,0,0,0,0,0,0,0,0,0,0.67,0.93,4.8,4.6,4.6,11.67,7.2,7.53,9.4,12.13,9.6,4.6,1.4,0,0,0,1,3.8,10.6,9.87,16.87,7.4,5.4,7.67,5.8,0.33,0,0,1.73,2.87,4.33,3.53,4.13,3.27,0.53,1.8,0.87,0,0,0,0,0,0,0,2.6,5.07,3.93,0.2,0,0,0,0.27,0,0,0,0,0,0,0,0,0.33,0,0,0,0,0,0,0,0,0,0,0,0,0,2,3.13,3.4,3.93,5.47,0.33,0.07,0,0,0,0,0,0,0,0,0,0,0,0,0,0,0,0,0,0,0,0,0,0,0,0,0,0,0,0,0,0,0,0,0,0,0,0,0,0,0,0,0,0,0,0,0,0,0,0,0,0,0,0,0,0,0,0,0,0,0,0,0,0,0,0,0,0,0,0,0,0,0,0,0,0,0,0,0,0,0,0,0,0,0,0,0,0,0,0,0,0,0,0,0,0,0,0,0,0,0,0,0,0,0,0,0,0,0,0,0,0,0,0,0,0,0,0,0,0,0,0,0,0,0,0,0,0,0,0,0,0,0,0,0,0,0,0,0,0,0,0,0,0,0,0,0,0,0,0,0,0,0,0,0,0,0,0,0,0,0,0,0,0,0,0,0,0,0,0,24
0.2,0,0,0,0,0,0,0,0,0,0,0,0,0,0,0,0,0,0,0,0,0,0,0,0,0,0,0,0,0,0,0,0,0,0,0,0,0,0,0,0,0,0,0,0,0,0,0,0,0,0,0,0,0,0,0,0,0,0,0,0,0,0,0,0,0,0,0,0,0,0,0,0,0,0,0,0,0,0,0,0,0,0,0,0,0,0,0,0,0,0,0,0,0,0,0,0,0,0,0,0,0,0,0,0,0,0,0,0,0,0,0,0,0,0,0,0,0,0,0,0,0,0,0,0,0,0,0,0,0,0,0,0,0,0,0,0,0,0,0,0,0,0,0,0,0,0,0,0,0,0,0,0,0,0,0,0,0,0,0,0,0,0,0,0,0,0,0,0,0,0,0,0,0,0,0,0,0,0,0,0,0.93,1.07,0,0,0,0,0,0,0,0.07,5.93,7.53,10.4,7.93,8.07,9.93,1.13,0,0,0,0,0,0,0,0,0,0,0,0,0,0,0,0,0,0,0,0,0,0,0,0,0,0,2.67,4.87,5.4,0,0,0,0,0,0,0,0,0,0,0,0,0,0,0,0.53,0.4,0.33,5.13,4.87,5.47,6.6,8.8,4.73,0.07,0,0,0,0,0.2,0.33,0,4.33,13.27,2.93,0,0.27,0.87,0,0,0,0,0,0,0.07,1.07,0,0,0,0,0,0,0,0,0,0,0,0,0.27,0.13,0,0,0,0,0,0,0,0,0,0,0,0,0,0,0,0,0,0,0,0,0,0,0,0,0,0,0,0,0,0,0,0,0,0,0,0,0,0,0,0,0,0,0,0,0,0,0,0,0,0,0,0,0,0,0,0,0,0,0,0,0,0,0,0,0,0,0,0,0,0,0,0,0,0,0,0,0,0,0,0,0,0,0,0,0,0,0,0,0,0,0,0,0,0,0,0,0,0,0,0,0,0,0,0,0,0,0,0,0,0,0,0,0,0,0,0,0,0,0,0,0,0,0,0,0,0,0,0,0,0,0,0,0,0,0,0,0,0,0,0,0,0,0,0,0,0,0,0,0,0,0,0,0,0,0,0,0,0,0,0,0,0,0,0,0,0,0,0,0,0,0,0,0,0,0,0,0,0,0,0,0,0,0,0,0,0,0,0,0,0,0,0,0,0,0,0,0,0,0,0,0,0,25
0.2,0,0,0,0,0,0,0,0,0,0,0,0,0,0,0,0,0,0,0,0,0,0,0,0,0,0,0,0,0,0,0,0,0,0,0,0,0,0,0,0,0,0,0,0,0,0,0,0,0,0,0,0,0,0,0,0,0,0,0,0,0,0,0,0,0,0,0,0,0,0,0,0,0,0,0,0,0,0,0,0,0,0,0,0,0,0,0,0,0,0,0,0,0,0,0,0,0,0,0,0,0,0,0,0,0,0,0,0,0,0,0,0,0,0,0,0,0,0,0,0,0,0,0,0,0,0,0,0,0,0,0,0,0,0,0,0,0,0,0,0,0,0,0,0,0,0,0,0,0,0,0,0,0,0,0,0,0,0,0,0,0,0,0,0,0,0,0,0,0,0,0,0,0,0,0,0,0,0,0,0,0,0,0,0,0,0,0,0,0,0,0,0,0.4,2.87,3.07,0.07,0,0,0,0,0,0,0,0,0,0,0,0,0,0,0,0,0,0,0,0,0,0,0,0,0,0,0,0,0,0.27,0,0,0,0,0,0,0,0,0,0,0,0,0,0,0,0,0,0,0.27,0.67,1.93,1.93,3.4,0.13,0,0,0,0,0,0,0,0,0.2,5.93,0.73,0,0,0,0,0,0,0,0,0,0,0,0,0,0,0,0,0,0,0,0,0,0,0,0,0,0,0,0,0,0,0,0,0,0,0,0,0,0,0,0,0,0,0,0,0,0,0,0,0,0,0,0,0,0,0,0,0,0,0,0,0,0,0,0,0,0,0,0,0,0,0,0,0,0,0,0,0,0,0,0,0,0,0,0,0,0,0,0,0,0,0,0,0,0,0,0,0,0,0,0,0,0,0,0,0,0,0,0,0,0,0,0,0,0,0,0,0,0,0,0,0,0,0,0,0,0,0,0,0,0,0,0,0,0,0,0,0,0,0,0,0,0,0,0,0,0,0,0,0,0,0,0,0,0,0,0,0,0,0,0,0,0,0,0,0,0,0,0,0,0,0,0,0,0,0,0,0,0,0,0,0,0,0,0,0,0,0,0,0,0,0,0,0,0,0,0,0,0,0,0,0,0,0,0,0,0,0,0,0,0,0,0,0,0,0,0,0,0,0,0,0,0,0,0,0,0,0,26
0.2,0,0,0,0,0,0,0,0,0,0,0,0,0,0,0,0,0,0,0,0,0,0,0,0,0,0,0,0,0,0,0,0,0,0,0,0,0,0,0,0,0,0,0,0,0,0,0,0,0,0,0,0,0,0,0,0,0,0,0,0,0,0,0,0,0,0,0,0,0,0,0,0,0,0,0,0,0,0,0,0,0,0,0,0,0,0,0,0,0,0,0,0,0,0,0,0,0,0,0,0,0,0,0,0,0,0,0,0,0,0,0,0,0,0,0,0,0,0,0,0,0,0,0,0,0,0,0,0,0,0,0,0,0,0,0,0,0,0,0,0,0,0,0,0,0,0,0,0,0,0,0,0,0,0,0,0,0,0,0,0,0,0,0,0,0,0,0,0,0,0,0,0,0,0,0,0,0,0,0,0,0,0,0,0,0,0,0,0,0,0,0,0,0,0,0,0,0,0,0,0,0,0,0,0,0,0,0,0,0,0,0,0,0,0,0,0,0,0,0,0,0,0,0,0,0,0,0,0,0,0,0,0,0,0,0,0,0,0,0,0,0,0,0,0,0,0,0,0,0,0,0,0,0,0,0,0,0,0,0,0,0,0,0,0,0,0,0,0,0,0,0,0,0,0,0,0,0,0,0,0,0,0,0,0,0,0,0,0,0,0,0,0,0,0,0,0,0,0,0,0,0,0,0,0,0,0,0,0,0,0,0,0,0,0,0,0,0,0,0,0,0,0,0,0,0,0,0,0,0,0,0,0,0,0,0,0,0,0,0,0,0,0,0,0,0,0,0,0,0,0,0,0,0,0,0,0,0,0,0,0,0,0,0,0,0,0,0,0,0,0,0,0,0,0,0,0,0,0,0,0,0,0,0,0,0,0,0,0,0,0,0,0,0,0,0,0,0,0,0,0,0,0,0,0,0,0,0,0,0,0,0,0,0,0,0,0,0,0,0,0,0,0,0,0,0,0,0,0,0,0,0,0,0,0,0,0,0,0,0,0,0,0,0,0,0,0,0,0,0,0,0,0,0,0,0,0,0,0,0,0,0,0,0,0,0,0,0,0,0,0,0,0,0,0,0,0,0,0,0,0,0,0,0,0,0,0,0,0,27
