$,
,
JDAY,QIN
1,2
1.01041667,2
1.02083333,2
1.03125,2
1.04166667,2
1.05208333,2
1.0625,2
1.07291667,2
1.08333333,2
1.09375,2
1.10416667,2
1.11458333,2
1.125,2
1.13541667,2
1.14583333,2
1.15625,2
1.16666667,2
1.17708333,2
1.1875,2
1.19791667,2
1.20833333,2
1.21875,2
1.22916667,2
1.23958333,2
1.25,2
1.26041667,2
1.27083333,2
1.28125,2
1.29166667,2
1.30208333,2
1.3125,2
1.32291667,2
1.33333333,2
1.34375,2
1.35416667,2
1.36458333,2
1.375,2
1.38541667,2
1.39583333,2
1.40625,2
1.41666667,2
1.42708333,2
1.4375,2
1.44791667,2
1.45833333,2
1.46875,2
1.47916667,2
1.48958333,2
1.5,2
1.51041667,2
1.52083333,2
1.53125,2
1.54166667,2
1.55208333,2
1.5625,2
1.57291667,2
1.58333333,2
1.59375,2
1.60416667,2
1.61458333,2
1.625,2
1.63541667,2
1.64583333,2
1.65625,2
1.66666667,2
1.67708333,2
1.6875,2
1.69791667,2
1.70833333,2
1.71875,2
1.72916667,2
1.73958333,2
1.75,2
1.76041667,2
1.77083333,2
1.78125,2
1.79166667,2
1.80208333,2
1.8125,2
1.82291667,2
1.83333333,2
1.84375,2
1.85416667,2
1.86458333,2
1.875,2
1.88541667,2
1.89583333,2
1.90625,2
1.91666667,2
1.92708333,2
1.9375,2
1.94791667,2
1.95833333,2
1.96875,2
1.97916667,2
1.98958333,2
2,2
2.01041667,2
2.02083333,2
2.03125,2
2.04166667,2
2.05208333,2
2.0625,2
2.07291667,2
2.08333333,2
2.09375,2
2.10416667,2
2.11458333,2
2.125,2
2.13541667,2
2.14583333,2
2.15625,2
2.16666667,2
2.17708333,2
2.1875,2
2.19791667,2
2.20833333,2
2.21875,2
2.22916667,2
2.23958333,2
2.25,2
2.26041667,2
2.27083333,2
2.28125,2
2.29166667,2
2.30208333,2
2.3125,2
2.32291667,2
2.33333333,2
2.34375,2
2.35416667,2
2.36458333,2
2.375,2
2.38541667,2
2.39583333,2
2.40625,2
2.41666667,2
2.42708333,2
2.4375,2
2.44791667,2
2.45833333,2
2.46875,2
2.47916667,2
2.48958333,2
2.5,2
2.51041667,2
2.52083333,2
2.53125,2
2.54166667,2
2.55208333,2
2.5625,2
2.57291667,2
2.58333333,2
2.59375,2
2.60416667,2
2.61458333,2
2.625,2
2.63541667,2
2.64583333,2
2.65625,2
2.66666667,2
2.67708333,2
2.6875,2
2.69791667,2
2.70833333,2
2.71875,2
2.72916667,2
2.73958333,2
2.75,2
2.76041667,2
2.77083333,2
2.78125,2
2.79166667,2
2.80208333,2
2.8125,2
2.82291667,2
2.83333333,2
2.84375,2
2.85416667,2
2.86458333,2
2.875,2
2.88541667,2
2.89583333,2
2.90625,2
2.91666667,2
2.92708333,2
2.9375,2
2.94791667,2
2.95833333,2
2.96875,2
2.97916667,2
2.98958333,2
3,2
3.01041667,2
3.02083333,2
3.03125,2
3.04166667,2
3.05208333,2
3.0625,2
3.07291667,2
3.08333333,2
3.09375,2
3.10416667,2
3.11458333,2
3.125,2
3.13541667,2
3.14583333,2
3.15625,2
3.16666667,2
3.17708333,2
3.1875,2
3.19791667,2
3.20833333,2
3.21875,2
3.22916667,2
3.23958333,2
3.25,2
3.26041667,2
3.27083333,2
3.28125,2
3.29166667,2
3.30208333,2
3.3125,2
3.32291667,2
3.33333333,2
3.34375,2
3.35416667,2
3.36458333,2
3.375,2
3.38541667,2
3.39583333,2
3.40625,2
3.41666667,2
3.42708333,2
3.4375,2
3.44791667,2
3.45833333,2
3.46875,2
3.47916667,2
3.48958333,2
3.5,2
3.51041667,2
3.52083333,2
3.53125,2
3.54166667,2
3.55208333,2
3.5625,2
3.57291667,2
3.58333333,2
3.59375,2
3.60416667,2
3.61458333,2
3.625,2
3.63541667,2
3.64583333,2
3.65625,2
3.66666667,2
3.67708333,2
3.6875,2
3.69791667,2
3.70833333,2
3.71875,2
3.72916667,2
3.73958333,2
3.75,2
3.76041667,2
3.77083333,2
3.78125,2
3.79166667,2
3.80208333,2
3.8125,2
3.82291667,2
3.83333333,2
3.84375,2
3.85416667,2
3.86458333,2
3.875,2
3.88541667,2
3.89583333,2
3.90625,2
3.91666667,2
3.92708333,2
3.9375,2
3.94791667,2
3.95833333,2
3.96875,2
3.97916667,2
3.98958333,2
4,2
4.01041667,2
4.02083333,2
4.03125,2
4.04166667,2
4.05208333,2
4.0625,2
4.07291667,2
4.08333333,2
4.09375,2
4.10416667,2
4.11458333,2
4.125,2
4.13541667,2
4.14583333,2
4.15625,2
4.16666667,2
4.17708333,2
4.1875,2
4.19791667,2
4.20833333,2
4.21875,2
4.22916667,2
4.23958333,2
4.25,2
4.26041667,2
4.27083333,2
4.28125,2
4.29166667,2
4.30208333,2
4.3125,2
4.32291667,2
4.33333333,2
4.34375,2
4.35416667,2
4.36458333,2
4.375,2
4.38541667,2
4.39583333,2
4.40625,2
4.41666667,2
4.42708333,2
4.4375,2
4.44791667,2
4.45833333,2
4.46875,2
4.47916667,2
4.48958333,2
4.5,2
4.51041667,2
4.52083333,2
4.53125,2
4.54166667,2
4.55208333,2
4.5625,2
4.57291667,2
4.58333333,2
4.59375,2
4.60416667,2
4.61458333,2
4.625,2
4.66666667,2
4.67708333,2
4.6875,2
4.69791667,2
4.70833333,2
4.71875,2
4.72916667,2
4.73958333,2
4.75,2
4.76041667,2
4.77083333,2
4.78125,2
4.79166667,2
4.80208333,2
4.8125,2
4.82291667,2
4.83333333,2
4.84375,2
4.85416667,2
4.86458333,2
4.875,2
4.88541667,2
4.89583333,2
4.90625,2
4.91666667,2
4.92708333,2
4.9375,2
4.94791667,2
4.95833333,2
4.96875,2
4.97916667,2
4.98958333,2
5,2
5.01041667,2
5.02083333,2
5.03125,2
5.04166667,2
5.05208333,2
5.0625,2
5.07291667,2
5.08333333,2
5.09375,2
5.10416667,2
5.11458333,2
5.125,2
5.13541667,2
5.14583333,2
5.15625,2
5.16666667,2
5.17708333,2
5.1875,2
5.19791667,2
5.20833333,2
5.21875,2
5.22916667,2
5.23958333,2
5.25,2
5.26041667,2
5.27083333,2
5.28125,2
5.29166667,2
5.30208333,2
5.3125,2
5.32291667,2
5.33333333,2
5.34375,2
5.35416667,2
5.36458333,2
5.375,2
5.38541667,2
5.39583333,2
5.40625,2
5.41666667,2
5.42708333,2
5.4375,2
5.44791667,2
5.45833333,2
5.46875,2
5.47916667,2
5.48958333,2
5.5,2
5.51041667,2
5.52083333,2
5.53125,2
5.54166667,2
5.55208333,2
5.5625,2
5.57291667,2
5.58333333,2
5.59375,2
5.60416667,2
5.61458333,2
5.625,2
5.63541667,2
5.64583333,2
5.65625,2
5.66666667,2
5.67708333,2
5.6875,2
5.69791667,2
5.70833333,2
5.71875,2
5.72916667,2
5.73958333,2
5.75,2
5.76041667,2
5.77083333,2
5.78125,2
5.79166667,2
5.80208333,2
5.8125,2
5.82291667,2
5.83333333,2
5.84375,2
5.85416667,2
5.86458333,2
5.875,2
5.88541667,2
5.89583333,2
5.90625,2
5.91666667,2
5.92708333,2
5.9375,2
5.94791667,2
5.95833333,2
5.96875,2
5.97916667,2
5.98958333,2
6,2
6.01041667,2
6.02083333,2
6.03125,2
6.04166667,2
6.05208333,2
6.0625,2
6.07291667,2
6.08333333,2
6.09375,2
6.10416667,2
6.11458333,2
6.125,2
6.13541667,2
6.14583333,2
6.15625,2
6.16666667,2
6.17708333,2
6.1875,2
6.19791667,2
6.20833333,2
6.21875,2
6.22916667,2
6.23958333,2
6.25,2
6.26041667,2
6.27083333,2
6.28125,2
6.29166667,2
6.30208333,2
6.3125,2
6.32291667,2
6.33333333,2
6.34375,2
6.35416667,2
6.36458333,2
6.375,2
6.38541667,2
6.39583333,2
6.40625,2
6.41666667,2
6.42708333,2
6.4375,2
6.44791667,2
6.45833333,2
6.46875,2
6.47916667,2
6.48958333,2
6.5,2
6.51041667,2
6.52083333,2
6.53125,2
6.54166667,2
6.55208333,2
6.5625,2
6.57291667,2
6.58333333,2
6.59375,2
6.60416667,2
6.61458333,2
6.625,2
6.63541667,2
6.64583333,2
6.65625,2
6.66666667,2
6.67708333,2
6.6875,2
6.69791667,2
6.70833333,2
6.71875,2
6.72916667,2
6.73958333,2
6.75,2
6.76041667,2
6.77083333,2
6.78125,2
6.79166667,2
6.80208333,2
6.8125,2
6.82291667,2
6.83333333,2
6.84375,2
6.85416667,2
6.86458333,2
6.875,2
6.88541667,2
6.89583333,2
6.90625,2
6.91666667,2
6.92708333,2
6.9375,2
6.94791667,2
6.95833333,2
6.96875,2
6.97916667,2
6.98958333,2
7,2
7.01041667,2
7.02083333,2
7.03125,2
7.04166667,2
7.05208333,2
7.0625,2
7.07291667,2
7.08333333,2
7.09375,2
7.10416667,2
7.11458333,2
7.125,2
7.13541667,2
7.14583333,2
7.15625,2
7.16666667,2
7.17708333,2
7.1875,2
7.19791667,2
7.20833333,2
7.21875,2
7.22916667,2
7.23958333,2
7.25,2
7.26041667,2
7.27083333,2
7.28125,2
7.29166667,2
7.30208333,2
7.3125,2
7.32291667,2
7.33333333,2
7.34375,2
7.35416667,2
7.36458333,2
7.375,2
7.38541667,2
7.39583333,2
7.40625,2
7.41666667,2
7.42708333,2
7.4375,2
7.44791667,2
7.45833333,2
7.46875,2
7.47916667,2
7.48958333,2
7.5,2
7.51041667,2
7.52083333,2
7.53125,2
7.54166667,2
7.55208333,2
7.5625,2
7.57291667,2
7.58333333,2
7.59375,2
7.60416667,2
7.61458333,2
7.625,2
7.63541667,2
7.64583333,2
7.65625,2
7.66666667,2
7.67708333,2
7.6875,2
7.69791667,2
7.70833333,2
7.71875,2
7.72916667,2
7.73958333,2
7.75,2
7.76041667,2
7.77083333,2
7.78125,2
7.79166667,2
7.80208333,2
7.8125,2
7.82291667,2
7.83333333,2
7.84375,2
7.85416667,2
7.86458333,2
7.875,2
7.88541667,2
7.89583333,2
7.90625,2
7.91666667,2
7.92708333,2
7.9375,2
7.94791667,2
7.95833333,2
7.96875,2
7.97916667,2
7.98958333,2
8,2
8.01041667,2
8.02083333,2
8.03125,2
8.04166667,2
8.05208333,2
8.0625,2
8.07291667,2
8.08333333,2
8.09375,2
8.10416667,2
8.11458333,2
8.125,2
8.13541667,2
8.14583333,2
8.15625,2
8.16666667,2
8.17708333,2
8.1875,2
8.19791667,2
8.20833333,2
8.21875,2
8.22916667,2
8.23958333,2
8.25,2
8.26041667,2
8.27083333,2
8.28125,2
8.29166667,2
8.30208333,2
8.3125,2
8.32291667,2
8.33333333,2
8.34375,2
8.35416667,2
8.36458333,2
8.375,2
8.38541667,2
8.39583333,2
8.40625,2
8.41666667,2
8.42708333,2
8.4375,2
8.44791667,2
8.45833333,2
8.46875,2
8.47916667,2
8.48958333,2
8.5,2
8.51041667,2
8.52083333,2
8.53125,2
8.54166667,2
8.58333333,2
8.59375,2
8.60416667,2
8.61458333,2
8.625,2
8.63541667,2
8.64583333,2
8.65625,2
8.66666667,2
8.67708333,2
8.6875,2
8.69791667,2
8.70833333,2
8.71875,2
8.72916667,2
8.73958333,2
8.75,2
8.76041667,2
8.77083333,2
8.78125,2
8.79166667,2
8.80208333,2
8.8125,2
8.82291667,2
8.83333333,2
8.84375,2
8.85416667,2
8.86458333,2
8.875,2
8.88541667,2
8.89583333,2
8.90625,2
8.91666667,2
8.92708333,2
8.9375,2
8.94791667,2
8.95833333,2
8.96875,2
8.97916667,2
8.98958333,2
9,2
9.01041667,2
9.02083333,2
9.03125,2
9.04166667,2
9.05208333,2
9.0625,2
9.07291667,2
9.08333333,2
9.09375,2
9.10416667,2
9.11458333,2
9.125,2
9.13541667,2
9.14583333,2
9.15625,2
9.16666667,2
9.17708333,2
9.1875,2
9.19791667,2
9.20833333,2
9.21875,2
9.22916667,2
9.23958333,2
9.25,2
9.26041667,2
9.27083333,2
9.28125,2
9.29166667,2
9.30208333,2
9.3125,2
9.32291667,2
9.33333333,2
9.34375,2
9.35416667,2
9.36458333,2
9.375,2
9.38541667,2
9.39583333,2
9.40625,2
9.41666667,2
9.42708333,2
9.4375,2
9.44791667,2
9.45833333,2
9.46875,2
9.47916667,2
9.48958333,2
9.5,2
9.51041667,2
9.52083333,2
9.53125,2
9.54166667,2
9.55208333,2
9.5625,2
9.57291667,2
9.58333333,2
9.59375,2
9.60416667,2
9.61458333,2
9.625,2
9.63541667,2
9.64583333,2
9.65625,2
9.66666667,2
9.67708333,2
9.6875,2
9.69791667,2
9.70833333,2
9.71875,2
9.72916667,2
9.73958333,2
9.75,2
9.76041667,2
9.77083333,2
9.78125,2
9.79166667,2
9.80208333,2
9.8125,2
9.82291667,2
9.83333333,2
9.84375,2
9.85416667,2
9.86458333,2
9.875,2
9.88541667,2
9.89583333,2
9.90625,2
9.91666667,2
9.92708333,2
9.9375,2
9.94791667,2
9.95833333,2
9.96875,2
9.97916667,2
9.98958333,2
10,2
10.01041667,2
10.02083333,2
10.03125,2
10.04166667,2
10.05208333,2
10.0625,2
10.07291667,2
10.08333333,2
10.09375,2
10.10416667,2
10.11458333,2
10.125,2
10.13541667,2
10.14583333,2
10.15625,2
10.16666667,2
10.17708333,2
10.1875,2
10.19791667,2
10.20833333,2
10.21875,2
10.22916667,2
10.23958333,2
10.25,2
10.26041667,2
10.27083333,2
10.28125,2
10.29166667,2
10.30208333,2
10.3125,2
10.32291667,2
10.33333333,2
10.34375,2
10.35416667,2
10.36458333,2
10.375,2
10.38541667,2
10.39583333,2
10.40625,2
10.41666667,2
10.42708333,2
10.4375,2
10.44791667,2
10.45833333,2
10.46875,2
10.47916667,2
10.48958333,2
10.5,2
10.51041667,2
10.52083333,2
10.53125,2
10.54166667,2
10.55208333,2
10.5625,2
10.57291667,2
10.58333333,2
10.59375,2
10.60416667,2
10.61458333,2
10.625,2
10.63541667,2
10.64583333,2
10.65625,2
10.66666667,2
10.67708333,2
10.6875,2
10.69791667,2
10.70833333,2
10.71875,2
10.72916667,2
10.73958333,2
10.75,2
10.76041667,2
10.77083333,2
10.78125,2
10.79166667,2
10.80208333,2
10.8125,2
10.82291667,2
10.83333333,2
10.84375,2
10.85416667,2
10.86458333,2
10.875,2
10.88541667,2
10.89583333,2
10.90625,2
10.91666667,2
10.92708333,2
10.9375,2
10.94791667,2
10.95833333,2
10.96875,2
10.97916667,2
10.98958333,2
11,2
11.01041667,2
11.02083333,2
11.03125,2
11.04166667,2
11.05208333,2
11.0625,2
11.07291667,2
11.08333333,2
11.09375,2
11.10416667,2
11.11458333,2
11.125,2
11.13541667,2
11.14583333,2
11.15625,2
11.16666667,2
11.17708333,2
11.1875,2
11.19791667,2
11.20833333,2
11.21875,2
11.22916667,2
11.23958333,2
11.25,2
11.26041667,2
11.27083333,2
11.28125,2
11.29166667,2
11.30208333,2
11.3125,2
11.32291667,2
11.33333333,2
11.34375,2
11.35416667,2
11.36458333,2
11.375,2
11.38541667,2
11.39583333,2
11.40625,2
11.41666667,2
11.42708333,2
11.4375,2
11.44791667,2
11.45833333,2
11.46875,2
11.47916667,2
11.48958333,2
11.5,2
11.51041667,2
11.52083333,2
11.53125,2
11.54166667,2
11.55208333,2
11.5625,2
11.57291667,2
11.58333333,2
11.59375,2
11.60416667,2
11.61458333,2
11.625,2
11.63541667,2
11.64583333,2
11.65625,2
11.66666667,2
11.67708333,2
11.6875,2
11.69791667,2
11.70833333,2
11.71875,2
11.72916667,2
11.73958333,2
11.75,2
11.76041667,2
11.77083333,2
11.78125,2
11.79166667,2
11.80208333,2
11.8125,2
11.82291667,2
11.83333333,2
11.84375,2
11.85416667,2
11.86458333,2
11.875,2
11.88541667,2
11.89583333,2
11.90625,2
11.91666667,2
11.92708333,2
11.9375,2
11.94791667,2
11.95833333,2
11.96875,2
11.97916667,2
11.98958333,2
12,2
12.01041667,2
12.02083333,2
12.03125,2
12.04166667,2
12.05208333,2
12.0625,2
12.07291667,2
12.08333333,2
12.09375,2
12.10416667,2
12.11458333,2
12.125,2
12.13541667,2
12.14583333,2
12.15625,2
12.16666667,2
12.17708333,2
12.1875,2
12.19791667,2
12.20833333,2
12.21875,2
12.22916667,2
12.23958333,2
12.25,2
12.26041667,2
12.27083333,2
12.28125,2
12.29166667,2
12.30208333,2
12.3125,2
12.32291667,2
12.33333333,2
12.34375,2
12.35416667,2
12.36458333,2
12.375,2
12.38541667,2
12.39583333,2
12.40625,2
12.41666667,2
12.42708333,2
12.4375,2
12.44791667,2
12.45833333,2
12.46875,2
12.47916667,2
12.48958333,2
12.5,2
12.51041667,2
12.52083333,2
12.53125,2
12.54166667,2
12.55208333,2
12.5625,2
12.57291667,2
12.58333333,2
12.59375,2
12.60416667,2
12.61458333,2
12.625,2
12.63541667,2
12.64583333,2
12.65625,2
12.66666667,2
12.67708333,2
12.6875,2
12.69791667,2
12.70833333,2
12.71875,2
12.72916667,2
12.73958333,2
12.75,2
12.76041667,2
12.77083333,2
12.78125,2
12.79166667,2
12.80208333,2
12.8125,2
12.82291667,2
12.83333333,2
12.84375,2
12.85416667,2
12.86458333,2
12.875,2
12.88541667,2
12.89583333,2
12.90625,2
12.91666667,2
12.92708333,2
12.9375,2
12.94791667,2
12.95833333,2
12.96875,2
12.97916667,2
12.98958333,2
13,2
13.01041667,2
13.02083333,2
13.03125,2
13.04166667,2
13.05208333,2
13.0625,2
13.07291667,2
13.08333333,2
13.09375,2
13.10416667,2
13.11458333,2
13.125,2
13.13541667,2
13.14583333,2
13.15625,2
13.16666667,2
13.17708333,2
13.1875,2
13.19791667,2
13.20833333,2
13.21875,2
13.22916667,2
13.23958333,2
13.25,2
13.26041667,2
13.27083333,2
13.28125,2
13.29166667,2
13.30208333,2
13.3125,2
13.32291667,2
13.33333333,2
13.34375,2
13.35416667,2
13.36458333,2
13.375,2
13.38541667,2
13.39583333,2
13.40625,2
13.41666667,2
13.42708333,2
13.4375,2
13.44791667,2
13.45833333,2
13.46875,2
13.47916667,2
13.48958333,2
13.5,2
13.51041667,2
13.52083333,2
13.53125,2
13.54166667,2
13.55208333,2
13.5625,2
13.57291667,2
13.58333333,2
13.59375,2
13.60416667,2
13.61458333,2
13.625,2
13.63541667,2
13.64583333,2
13.65625,2
13.66666667,2
13.67708333,2
13.6875,2
13.69791667,2
13.70833333,2
13.71875,2
13.72916667,2
13.73958333,2
13.75,2
13.76041667,2
13.77083333,2
13.78125,2
13.79166667,2
13.80208333,2
13.8125,2
13.82291667,2
13.83333333,2
13.84375,2
13.85416667,2
13.86458333,2
13.875,2
13.88541667,2
13.89583333,2
13.90625,2
13.91666667,2
13.92708333,2
13.9375,2
13.94791667,2
13.95833333,2
13.96875,2
13.97916667,2
13.98958333,2
14,2
14.01041667,2
14.02083333,2
14.03125,2
14.04166667,2
14.05208333,2
14.0625,2
14.07291667,2
14.08333333,2
14.09375,2
14.10416667,2
14.11458333,2
14.125,2
14.13541667,2
14.14583333,2
14.15625,2
14.16666667,2
14.17708333,2
14.1875,2
14.19791667,2
14.20833333,2
14.21875,2
14.22916667,2
14.23958333,2
14.25,2
14.26041667,2
14.27083333,2
14.28125,2
14.29166667,2
14.30208333,2
14.3125,2
14.32291667,2
14.33333333,2
14.34375,2
14.35416667,2
14.36458333,2
14.375,2
14.38541667,2
14.39583333,2
14.40625,2
14.41666667,2
14.42708333,2
14.4375,2
14.44791667,2
14.45833333,2
14.46875,2
14.47916667,2
14.48958333,2
14.5,2
14.51041667,2
14.52083333,2
14.53125,2
14.54166667,2
14.55208333,2
14.5625,2
14.57291667,2
14.58333333,2
14.59375,2
14.60416667,2
14.61458333,2
14.625,2
14.63541667,2
14.64583333,2
14.65625,2
14.66666667,2
14.67708333,2
14.6875,2
14.69791667,2
14.70833333,2
14.71875,2
14.72916667,2
14.73958333,2
14.75,2
14.76041667,2
14.77083333,2
14.78125,2
14.79166667,2
14.80208333,2
14.8125,2
14.82291667,2
14.83333333,2
14.84375,2
14.85416667,2
14.86458333,2
14.875,2
14.88541667,2
14.89583333,2
14.90625,2
14.91666667,2
14.92708333,2
14.9375,2
14.94791667,2
14.95833333,2
14.96875,2
14.97916667,2
14.98958333,2
15,2
15.01041667,2
15.02083333,2
15.03125,2
15.04166667,2
15.05208333,2
15.0625,2
15.07291667,2
15.08333333,2
15.09375,2
15.10416667,2
15.11458333,2
15.125,2
15.13541667,2
15.14583333,2
15.15625,2
15.16666667,2
15.17708333,2
15.1875,2
15.19791667,2
15.20833333,2
15.21875,2
15.22916667,2
15.23958333,2
15.25,2
15.26041667,2
15.27083333,2
15.28125,2
15.29166667,2
15.30208333,2
15.3125,2
15.32291667,2
15.33333333,2
15.34375,2
15.35416667,2
15.36458333,2
15.375,2
15.38541667,2
15.39583333,2
15.40625,2
15.41666667,2
15.42708333,2
15.4375,2
15.44791667,2
15.45833333,2
15.46875,2
15.47916667,2
15.48958333,2
15.5,2
15.51041667,2
15.52083333,2
15.53125,2
15.54166667,2
15.55208333,2
15.5625,2
15.57291667,2
15.58333333,2
15.59375,2
15.60416667,2
15.61458333,2
15.625,2
15.63541667,2
15.64583333,2
15.65625,2
15.66666667,2
15.67708333,2
15.6875,2
15.69791667,2
15.70833333,2
15.71875,2
15.72916667,2
15.73958333,2
15.75,2
15.76041667,2
15.77083333,2
15.78125,2
15.79166667,2
15.80208333,2
15.8125,2
15.82291667,2
15.83333333,2
15.84375,2
15.85416667,2
15.86458333,2
15.875,2
15.88541667,2
15.89583333,2
15.90625,2
15.91666667,2
15.92708333,2
15.9375,2
15.94791667,2
15.95833333,2
15.96875,2
15.97916667,2
15.98958333,2
16,2
16.01041667,2
16.02083333,2
16.03125,2
16.04166667,2
16.05208333,2
16.0625,2
16.07291667,2
16.08333333,2
16.09375,2
16.10416667,2
16.11458333,2
16.125,2
16.13541667,2
16.14583333,2
16.15625,2
16.16666667,2
16.17708333,2
16.1875,2
16.19791667,2
16.20833333,2
16.21875,2
16.22916667,2
16.23958333,2
16.25,2
16.26041667,2
16.27083333,2
16.28125,2
16.29166667,2
16.30208333,2
16.3125,2
16.32291667,2
16.33333333,2
16.34375,2
16.35416667,2
16.36458333,2
16.375,2
16.38541667,2
16.39583333,2
16.40625,2
16.41666667,2
16.42708333,2
16.4375,2
16.44791667,2
16.45833333,2
16.46875,2
16.47916667,2
16.48958333,2
16.5,2
16.51041667,2
16.52083333,2
16.53125,2
16.54166667,2
16.55208333,2
16.5625,2
16.57291667,2
16.58333333,2
16.59375,2
16.60416667,2
16.61458333,2
16.625,2
16.63541667,2
16.64583333,2
16.65625,2
16.66666667,2
16.67708333,2
16.6875,2
16.69791667,2
16.70833333,2
16.71875,2
16.72916667,2
16.73958333,2
16.75,2
16.76041667,2
16.77083333,2
16.78125,2
16.79166667,2
16.80208333,2
16.8125,2
16.82291667,2
16.83333333,2
16.84375,2
16.85416667,2
16.86458333,2
16.875,2
16.88541667,2
16.89583333,2
16.90625,2
16.91666667,2
16.92708333,2
16.9375,2
16.94791667,2
16.95833333,2
16.96875,2
16.97916667,2
16.98958333,2
17,2
17.01041667,2
17.02083333,2
17.03125,2
17.04166667,2
17.05208333,2
17.0625,2
17.07291667,2
17.08333333,2
17.09375,2
17.10416667,2
17.11458333,2
17.125,2
17.13541667,2
17.14583333,2
17.15625,2
17.16666667,2
17.17708333,2
17.1875,2
17.19791667,2
17.20833333,2
17.21875,2
17.22916667,2
17.23958333,2
17.25,2
17.26041667,2
17.27083333,2
17.28125,2
17.29166667,2
17.30208333,2
17.3125,2
17.32291667,2
17.33333333,2
17.34375,2
17.35416667,2
17.36458333,2
17.375,2
17.38541667,2
17.39583333,2
17.40625,2
17.41666667,2
17.42708333,2
17.4375,2
17.44791667,2
17.45833333,2
17.46875,2
17.47916667,2
17.48958333,2
17.5,2
17.51041667,2
17.52083333,2
17.53125,2
17.54166667,2
17.55208333,2
17.5625,2
17.57291667,2
17.58333333,2
17.59375,2
17.60416667,2
17.61458333,2
17.625,2
17.63541667,2
17.64583333,2
17.65625,2
17.66666667,2
17.67708333,2
17.6875,2
17.69791667,2
17.70833333,2
17.71875,2
17.72916667,2
17.73958333,2
17.75,2
17.76041667,2
17.77083333,2
17.78125,2
17.79166667,2
17.80208333,2
17.8125,2
17.82291667,2
17.83333333,2
17.84375,2
17.85416667,2
17.86458333,2
17.875,2
17.88541667,2
17.89583333,2
17.90625,2
17.91666667,2
17.92708333,2
17.9375,2
17.94791667,2
17.95833333,2
17.96875,2
17.97916667,2
17.98958333,2
18,2
18.01041667,2
18.02083333,2
18.03125,2
18.04166667,2
18.05208333,2
18.0625,2
18.07291667,2
18.08333333,2
18.09375,2
18.10416667,2
18.11458333,2
18.125,2
18.13541667,2
18.14583333,2
18.15625,2
18.16666667,2
18.17708333,2
18.1875,2
18.19791667,2
18.20833333,2
18.21875,2
18.22916667,2
18.23958333,2
18.25,2
18.26041667,2
18.27083333,2
18.28125,2
18.29166667,2
18.30208333,2
18.3125,2
18.32291667,2
18.33333333,2
18.34375,2
18.35416667,2
18.36458333,2
18.375,2
18.38541667,2
18.39583333,2
18.40625,2
18.41666667,2
18.42708333,2
18.4375,2
18.44791667,2
18.45833333,2
18.46875,2
18.47916667,2
18.48958333,2
18.5,2
18.51041667,2
18.52083333,2
18.53125,2
18.54166667,2
18.55208333,2
18.5625,2
18.57291667,2
18.58333333,2
18.59375,2
18.60416667,2
18.61458333,2
18.625,2
18.63541667,2
18.64583333,2
18.65625,2
18.66666667,2
18.67708333,2
18.6875,2
18.69791667,2
18.70833333,2
18.71875,2
18.72916667,2
18.73958333,2
18.75,2
18.76041667,2
18.77083333,2
18.78125,2
18.79166667,2
18.80208333,2
18.8125,2
18.82291667,2
18.83333333,2
18.84375,2
18.85416667,2
18.86458333,2
18.875,2
18.88541667,2
18.89583333,2
18.90625,2
18.91666667,2
18.92708333,2
18.9375,2
18.94791667,2
18.95833333,2
18.96875,2
18.97916667,2
18.98958333,2
19,2
19.01041667,2
19.02083333,2
19.03125,2
19.04166667,2
19.05208333,2
19.0625,2
19.07291667,2
19.08333333,2
19.09375,2
19.10416667,2
19.11458333,2
19.125,2
19.13541667,2
19.14583333,2
19.15625,2
19.16666667,2
19.17708333,2
19.1875,2
19.19791667,2
19.20833333,2
19.21875,2
19.22916667,2
19.23958333,2
19.25,2
19.26041667,2
19.27083333,2
19.28125,2
19.29166667,2
19.30208333,2
19.3125,2
19.32291667,2
19.33333333,2
19.34375,2
19.35416667,2
19.36458333,2
19.375,2
19.38541667,2
19.39583333,2
19.40625,2
19.41666667,2
19.42708333,2
19.4375,2
19.44791667,2
19.45833333,2
19.46875,2
19.47916667,2
19.48958333,2
19.5,2
19.51041667,2
19.52083333,2
19.53125,2
19.54166667,2
19.55208333,2
19.5625,2
19.57291667,2
19.58333333,2
19.59375,2
19.60416667,2
19.61458333,2
19.625,2
19.63541667,2
19.64583333,2
19.65625,2
19.66666667,2
19.67708333,2
19.6875,2
19.69791667,2
19.70833333,2
19.71875,2
19.72916667,2
19.73958333,2
19.75,2
19.76041667,2
19.77083333,2
19.78125,2
19.79166667,2
19.80208333,2
19.8125,2
19.82291667,2
19.83333333,2
19.84375,2
19.85416667,2
19.86458333,2
19.875,2
19.88541667,2
19.89583333,2
19.90625,2
19.91666667,2
19.92708333,2
19.9375,2
19.94791667,2
19.95833333,2
19.96875,2
19.97916667,2
19.98958333,2
20,2
20.01041667,2
20.02083333,2
20.03125,2
20.04166667,2
20.05208333,2
20.0625,2
20.07291667,2
20.08333333,2
20.09375,2
20.10416667,2
20.11458333,2
20.125,2
20.13541667,2
20.14583333,2
20.15625,2
20.16666667,2
20.17708333,2
20.1875,2
20.19791667,2
20.20833333,2
20.21875,2
20.22916667,2
20.23958333,2
20.25,2
20.26041667,2
20.27083333,2
20.28125,2
20.29166667,2
20.30208333,2
20.3125,2
20.32291667,2
20.33333333,2
20.34375,2
20.35416667,2
20.36458333,2
20.375,2
20.38541667,2
20.39583333,2
20.40625,2
20.41666667,2
20.42708333,2
20.4375,2
20.44791667,2
20.45833333,2
20.46875,2
20.47916667,2
20.48958333,2
20.5,2
20.51041667,2
20.52083333,2
20.53125,2
20.54166667,2
20.55208333,2
20.5625,2
20.57291667,2
20.58333333,2
20.59375,2
20.60416667,2
20.61458333,2
20.625,2
20.63541667,2
20.64583333,2
20.65625,2
20.66666667,2
20.67708333,2
20.6875,2
20.69791667,2
20.70833333,2
20.71875,2
20.72916667,2
20.73958333,2
20.75,2
20.76041667,2
20.77083333,2
20.78125,2
20.79166667,2
20.80208333,2
20.8125,2
20.82291667,2
20.83333333,2
20.84375,2
20.85416667,2
20.86458333,2
20.875,2
20.88541667,2
20.89583333,2
20.90625,2
20.91666667,2
20.92708333,2
20.9375,2
20.94791667,2
20.95833333,2
21,2
21.01041667,2
21.02083333,2
21.03125,2
21.04166667,2
21.05208333,2
21.0625,2
21.07291667,2
21.08333333,2
21.09375,2
21.10416667,2
21.11458333,2
21.125,2
21.13541667,2
21.14583333,2
21.15625,2
21.16666667,2
21.17708333,2
21.1875,2
21.19791667,2
21.20833333,2
21.21875,2
21.22916667,2
21.23958333,2
21.25,2
21.26041667,2
21.27083333,2
21.28125,2
21.29166667,2
21.30208333,2
21.3125,2
21.32291667,2
21.33333333,2
21.34375,2
21.35416667,2
21.36458333,2
21.375,2
21.38541667,2
21.39583333,2
21.40625,2
21.41666667,2
21.42708333,2
21.4375,2
21.44791667,2
21.45833333,2
21.46875,2
21.47916667,2
21.48958333,2
21.5,2
21.51041667,2
21.52083333,2
21.53125,2
21.54166667,2
21.55208333,2
21.5625,2
21.57291667,2
21.58333333,2
21.59375,2
21.60416667,2
21.61458333,2
21.625,2
21.63541667,2
21.64583333,2
21.65625,2
21.66666667,2
21.67708333,2
21.6875,2
21.69791667,2
21.70833333,2
21.71875,2
21.72916667,2
21.73958333,2
21.75,2
21.76041667,2
21.77083333,2
21.78125,2
21.79166667,2
21.80208333,2
21.8125,2
21.82291667,2
21.83333333,2
21.84375,2
21.85416667,2
21.86458333,2
21.875,2
21.88541667,2
21.89583333,2
21.90625,2
21.91666667,2
21.92708333,2
21.9375,2
21.94791667,2
21.95833333,2
21.96875,2
21.97916667,2
21.98958333,2
22,2
22.01041667,2
22.02083333,2
22.03125,2
22.04166667,2
22.05208333,2
22.0625,2
22.07291667,2
22.08333333,2
22.09375,2
22.10416667,2
22.11458333,2
22.125,2
22.13541667,2
22.14583333,2
22.15625,2
22.16666667,2
22.17708333,2
22.1875,2
22.19791667,2
22.20833333,2
22.21875,2
22.22916667,2
22.23958333,2
22.25,2
22.26041667,2
22.27083333,2
22.28125,2
22.29166667,2
22.30208333,2
22.3125,2
22.32291667,2
22.33333333,2
22.34375,2
22.35416667,2
22.36458333,2
22.375,2
22.38541667,2
22.39583333,2
22.40625,2
22.41666667,2
22.42708333,2
22.4375,2
22.44791667,2
22.45833333,2
22.46875,2
22.47916667,2
22.48958333,2
22.5,2
22.51041667,2
22.52083333,2
22.53125,2
22.54166667,2
22.55208333,2
22.5625,2
22.57291667,2
22.58333333,2
22.59375,2
22.60416667,2
22.61458333,2
22.625,2
22.63541667,2
22.64583333,2
22.65625,2
22.66666667,2
22.67708333,2
22.6875,2
22.69791667,2
22.70833333,2
22.71875,2
22.72916667,2
22.73958333,2
22.75,2
22.76041667,2
22.77083333,2
22.78125,2
22.79166667,2
22.80208333,2
22.8125,2
22.82291667,2
22.83333333,2
22.84375,2
22.85416667,2
22.86458333,2
22.875,2
22.88541667,2
22.89583333,2
22.90625,2
22.91666667,2
22.92708333,2
22.9375,2
22.94791667,2
22.95833333,2
22.96875,2
22.97916667,2
22.98958333,2
23,2
23.01041667,2
23.02083333,2
23.03125,2
23.04166667,2
23.05208333,2
23.0625,2
23.07291667,2
23.08333333,2
23.09375,2
23.10416667,2
23.11458333,2
23.125,2
23.13541667,2
23.14583333,2
23.15625,2
23.16666667,2
23.17708333,2
23.1875,2
23.19791667,2
23.20833333,2
23.21875,2
23.22916667,2
23.23958333,2
23.25,2
23.26041667,2
23.27083333,2
23.28125,2
23.29166667,2
23.30208333,2
23.3125,2
23.32291667,2
23.33333333,2
23.34375,2
23.35416667,2
23.36458333,2
23.375,2
23.38541667,2
23.39583333,2
23.40625,2
23.41666667,2
23.42708333,2
23.4375,2
23.44791667,2
23.45833333,2
23.46875,2
23.47916667,2
23.48958333,2
23.5,2
23.51041667,2
23.52083333,2
23.53125,2
23.54166667,2
23.55208333,2
23.5625,2
23.57291667,2
23.58333333,2
23.59375,2
23.60416667,2
23.61458333,2
23.625,2
23.63541667,2
23.64583333,2
23.65625,2
23.66666667,2
23.67708333,2
23.6875,2
23.69791667,2
23.70833333,2
23.71875,2
23.72916667,2
23.73958333,2
23.75,2
23.76041667,2
23.77083333,2
23.78125,2
23.79166667,2
23.80208333,2
23.8125,2
23.82291667,2
23.83333333,2
23.84375,2
23.85416667,2
23.86458333,2
23.875,2
23.88541667,2
23.89583333,2
23.90625,2
23.91666667,2
23.92708333,2
23.9375,2
23.94791667,2
23.95833333,2
23.96875,2
23.97916667,2
23.98958333,2
24,2
24.01041667,2
24.02083333,2
24.03125,2
24.04166667,2
24.05208333,2
24.0625,2
24.07291667,2
24.08333333,2
24.09375,2
24.10416667,2
24.11458333,2
24.125,2
24.13541667,2
24.14583333,2
24.15625,2
24.16666667,2
24.17708333,2
24.1875,2
24.19791667,2
24.20833333,2
24.21875,2
24.22916667,2
24.23958333,2
24.25,2
24.26041667,2
24.27083333,2
24.28125,2
24.29166667,2
24.30208333,2
24.3125,2
24.32291667,2
24.33333333,2
24.34375,2
24.35416667,2
24.36458333,2
24.375,2
24.38541667,2
24.39583333,2
24.40625,2
24.41666667,2
24.42708333,2
24.4375,2
24.44791667,2
24.45833333,2
24.46875,2
24.47916667,2
24.48958333,2
24.5,2
24.51041667,2
24.52083333,2
24.53125,2
24.54166667,2
24.55208333,2
24.5625,2
24.57291667,2
24.58333333,2
24.59375,2
24.60416667,2
24.61458333,2
24.625,2
24.63541667,2
24.64583333,2
24.65625,2
24.66666667,2
24.67708333,2
24.6875,2
24.69791667,2
24.70833333,2
24.71875,2
24.72916667,2
24.73958333,2
24.75,2
24.76041667,2
24.77083333,2
24.78125,2
24.79166667,2
24.80208333,2
24.8125,2
24.82291667,2
24.83333333,2
24.84375,2
24.85416667,2
24.86458333,2
24.875,2
24.88541667,2
24.89583333,2
24.90625,2
24.91666667,2
24.92708333,2
24.9375,2
24.94791667,2
24.95833333,2
24.96875,2
24.97916667,2
24.98958333,2
25,2
25.01041667,2
25.02083333,2
25.03125,2
25.04166667,2
25.05208333,2
25.0625,2
25.07291667,2
25.08333333,2
25.09375,2
25.10416667,2
25.11458333,2
25.125,2
25.13541667,2
25.14583333,2
25.15625,2
25.16666667,2
25.17708333,2
25.1875,2
25.19791667,2
25.20833333,2
25.21875,2
25.22916667,2
25.23958333,2
25.25,2
25.26041667,2
25.27083333,2
25.28125,2
25.29166667,2
25.30208333,2
25.3125,2
25.32291667,2
25.33333333,2
25.34375,2
25.35416667,2
25.36458333,2
25.375,2
25.38541667,2
25.39583333,2
25.40625,2
25.41666667,2
25.42708333,2
25.4375,2
25.44791667,2
25.45833333,2
25.46875,2
25.47916667,2
25.48958333,2
25.5,2
25.51041667,2
25.52083333,2
25.53125,2
25.54166667,2
25.55208333,2
25.5625,2
25.57291667,2
25.58333333,2
25.59375,2
25.60416667,2
25.61458333,2
25.625,2
25.66666667,2
25.67708333,2
25.6875,2
25.69791667,2
25.70833333,2
25.71875,2
25.72916667,2
25.73958333,2
25.75,2
25.76041667,2
25.77083333,2
25.78125,2
25.79166667,2
25.80208333,2
25.8125,2
25.82291667,2
25.83333333,2
25.84375,2
25.85416667,2
25.86458333,2
25.875,2
25.88541667,2
25.89583333,2
25.90625,2
25.91666667,2
25.92708333,2
25.9375,2
25.94791667,2
25.95833333,2
25.96875,2
25.97916667,2
25.98958333,2
26,2
26.01041667,2
26.02083333,2
26.03125,2
26.04166667,2
26.05208333,2
26.0625,2
26.07291667,2
26.08333333,2
26.09375,2
26.10416667,2
26.11458333,2
26.125,2
26.13541667,2
26.14583333,2
26.15625,2
26.16666667,2
26.17708333,2
26.1875,2
26.19791667,2
26.20833333,2
26.21875,2
26.22916667,2
26.23958333,2
26.25,2
26.26041667,2
26.27083333,2
26.28125,2
26.29166667,2
26.30208333,2
26.3125,2
26.32291667,2
26.33333333,2
26.34375,2
26.35416667,2
26.36458333,2
26.375,2
26.38541667,2
26.39583333,2
26.40625,2
26.41666667,2
26.42708333,2
26.4375,2
26.44791667,2
26.45833333,2
26.46875,2
26.47916667,2
26.48958333,2
26.5,2
26.51041667,2
26.52083333,2
26.53125,2
26.54166667,2
26.55208333,2
26.5625,2
26.57291667,2
26.58333333,2
26.59375,2
26.60416667,2
26.61458333,2
26.625,2
26.63541667,2
26.64583333,2
26.65625,2
26.66666667,2
26.67708333,2
26.6875,2
26.69791667,2
26.70833333,2
26.71875,2
26.72916667,2
26.73958333,2
26.75,2
26.76041667,2
26.77083333,2
26.78125,2
26.79166667,2
26.80208333,2
26.8125,2
26.82291667,2
26.83333333,2
26.84375,2
26.85416667,2
26.86458333,2
26.875,2
26.88541667,2
26.89583333,2
26.90625,2
26.91666667,2
26.92708333,2
26.9375,2
26.94791667,2
26.95833333,2
26.96875,2
26.97916667,2
26.98958333,2
27,2
27.01041667,2
27.02083333,2
27.03125,2
27.04166667,2
27.05208333,2
27.0625,2
27.07291667,2
27.08333333,2
27.09375,2
27.10416667,2
27.11458333,2
27.125,2
27.13541667,2
27.14583333,2
27.15625,2
27.16666667,2
27.17708333,2
27.1875,2
27.19791667,2
27.20833333,2
27.21875,2
27.22916667,2
27.23958333,2
27.25,2
27.26041667,2
27.27083333,2
27.28125,2
27.29166667,2
27.30208333,2
27.3125,2
27.32291667,2
27.33333333,2
27.34375,2
27.35416667,2
27.36458333,2
27.375,2
27.38541667,2
27.39583333,2
27.40625,2
27.41666667,2
27.42708333,2
27.4375,2
27.44791667,2
27.45833333,2
27.46875,2
27.47916667,2
27.48958333,2
27.5,2
27.51041667,2
27.52083333,2
27.53125,2
27.54166667,2
27.55208333,2
27.5625,2
27.57291667,2
27.58333333,2
27.59375,2
27.60416667,2
27.61458333,2
27.625,2
27.63541667,2
27.64583333,2
27.65625,2
27.66666667,2
27.67708333,2
27.6875,2
27.69791667,2
27.70833333,2
27.71875,2
27.72916667,2
27.73958333,2
27.75,2
27.76041667,2
27.77083333,2
27.78125,2
27.79166667,2
27.80208333,2
27.8125,2
27.82291667,2
27.83333333,2
27.84375,2
27.85416667,2
27.86458333,2
27.875,2
27.88541667,2
27.89583333,2
27.90625,2
27.91666667,2
27.92708333,2
27.9375,2
27.94791667,2
27.95833333,2
27.96875,2
27.97916667,2
27.98958333,2
28,2
28.01041667,2
28.02083333,2
28.03125,2
28.04166667,2
28.05208333,2
28.0625,2
28.07291667,2
28.08333333,2
28.09375,2
28.10416667,2
28.11458333,2
28.125,2
28.13541667,2
28.14583333,2
28.15625,2
28.16666667,2
28.17708333,2
28.1875,2
28.19791667,2
28.20833333,2
28.21875,2
28.22916667,2
28.23958333,2
28.25,2
28.26041667,2
28.27083333,2
28.28125,2
28.29166667,2
28.30208333,2
28.3125,2
28.32291667,2
28.33333333,2
28.34375,2
28.35416667,2
28.36458333,2
28.375,2
28.38541667,2
28.39583333,2
28.40625,2
28.41666667,2
28.42708333,2
28.4375,2
28.44791667,2
28.45833333,2
28.46875,2
28.47916667,2
28.48958333,2
28.5,2
28.51041667,2
28.52083333,2
28.53125,2
28.54166667,2
28.55208333,2
28.5625,2
28.57291667,2
28.58333333,2
28.59375,2
28.60416667,2
28.61458333,2
28.625,2
28.63541667,2
28.64583333,2
28.65625,2
28.66666667,2
28.67708333,2
28.6875,2
28.69791667,2
28.70833333,2
28.71875,2
28.72916667,2
28.73958333,2
28.75,2
28.76041667,2
28.77083333,2
28.78125,2
28.79166667,2
28.80208333,2
28.8125,2
28.82291667,2
28.83333333,2
28.84375,2
28.85416667,2
28.86458333,2
28.875,2
28.88541667,2
28.89583333,2
28.90625,2
28.91666667,2
28.92708333,2
28.9375,2
28.94791667,2
28.95833333,2
28.96875,2
28.97916667,2
28.98958333,2
29,2
29.01041667,2
29.02083333,2
29.03125,2
29.04166667,2
29.05208333,2
29.0625,2
29.07291667,2
29.08333333,2
29.09375,2
29.10416667,2
29.11458333,2
29.125,2
29.13541667,2
29.14583333,2
29.15625,2
29.16666667,2
29.17708333,2
29.1875,2
29.19791667,2
29.20833333,2
29.21875,2
29.22916667,2
29.23958333,2
29.25,2
29.26041667,2
29.27083333,2
29.28125,2
29.29166667,2
29.30208333,2
29.3125,2
29.32291667,2
29.33333333,2
29.34375,2
29.35416667,2
29.36458333,2
29.375,2
29.38541667,2
29.39583333,2
29.40625,2
29.41666667,2
29.42708333,2
29.4375,2
29.44791667,2
29.45833333,2
29.46875,2
29.47916667,2
29.48958333,2
29.5,2
29.51041667,2
29.52083333,2
29.53125,2
29.54166667,2
29.55208333,2
29.5625,2
29.57291667,2
29.58333333,2
29.59375,2
29.60416667,2
29.61458333,2
29.625,2
29.63541667,2
29.64583333,2
29.65625,2
29.66666667,2
29.67708333,2
29.6875,2
29.69791667,2
29.70833333,2
29.71875,2
29.72916667,2
29.73958333,2
29.75,2
29.76041667,2
29.77083333,2
29.78125,2
29.79166667,2
29.80208333,2
29.8125,2
29.82291667,2
29.83333333,2
29.84375,2
29.85416667,2
29.86458333,2
29.875,2
29.88541667,2
29.89583333,2
29.90625,2
29.91666667,2
29.92708333,2
29.9375,2
29.94791667,2
29.95833333,2
29.96875,2
29.97916667,2
29.98958333,2
30,2
30.01041667,2
30.02083333,2
30.03125,2
30.04166667,2
30.05208333,2
30.0625,2
30.07291667,2
30.08333333,2
30.09375,2
30.10416667,2
30.11458333,2
30.125,2
30.13541667,2
30.14583333,2
30.15625,2
30.16666667,2
30.17708333,2
30.1875,2
30.19791667,2
30.20833333,2
30.21875,2
30.22916667,2
30.23958333,2
30.25,2
30.26041667,2
30.27083333,2
30.28125,2
30.29166667,2
30.30208333,2
30.3125,2
30.32291667,2
30.33333333,2
30.34375,2
30.35416667,2
30.36458333,2
30.375,2
30.38541667,2
30.39583333,2
30.40625,2
30.41666667,2
30.42708333,2
30.4375,2
30.44791667,2
30.45833333,2
30.46875,2
30.47916667,2
30.48958333,2
30.5,2
30.51041667,2
30.52083333,2
30.53125,2
30.54166667,2
30.55208333,2
30.5625,2
30.57291667,2
30.58333333,2
30.59375,2
30.60416667,2
30.61458333,2
30.625,2
30.63541667,2
30.64583333,2
30.65625,2
30.66666667,2
30.67708333,2
30.6875,2
30.69791667,2
30.70833333,2
30.71875,2
30.72916667,2
30.73958333,2
30.75,2
30.76041667,2
30.77083333,2
30.78125,2
30.79166667,2
30.80208333,2
30.8125,2
30.82291667,2
30.83333333,2
30.84375,2
30.85416667,2
30.86458333,2
30.875,2
30.88541667,2
30.89583333,2
30.90625,2
30.91666667,2
30.92708333,2
30.9375,2
30.94791667,2
30.95833333,2
30.96875,2
30.97916667,2
30.98958333,2
31,2.34
31.01041667,2.32
31.02083333,2.23
31.03125,2.23
31.04166667,2.13
31.05208333,2.15
31.0625,2.1
31.07291667,2.02
31.08333333,2.02
31.09375,1.99
31.10416667,1.97
31.11458333,1.97
31.125,1.94
31.13541667,1.94
31.14583333,1.92
31.15625,1.84
31.16666667,1.79
31.17708333,1.72
31.1875,1.72
31.19791667,1.67
31.20833333,1.64
31.21875,1.6
31.22916667,1.62
31.23958333,1.57
31.25,1.52
31.26041667,1.55
31.27083333,1.52
31.28125,1.45
31.29166667,1.48
31.30208333,1.5
31.3125,1.48
31.32291667,1.48
31.33333333,1.45
31.34375,1.45
31.35416667,1.5
31.36458333,1.55
31.375,1.48
31.38541667,1.41
31.39583333,1.43
31.40625,1.55
31.41666667,1.57
31.42708333,1.67
31.4375,1.77
31.44791667,1.74
31.45833333,1.69
31.46875,1.69
31.47916667,1.79
31.48958333,1.82
31.5,1.92
31.51041667,1.97
31.52083333,2.05
31.53125,2.1
31.54166667,2.07
31.55208333,2.29
31.5625,2.23
31.57291667,2.13
31.58333333,2.1
31.59375,2.13
31.60416667,2.15
31.61458333,2.21
31.625,2.29
31.63541667,2.37
31.64583333,2.32
31.65625,2.32
31.66666667,2.29
31.67708333,2.23
31.6875,2.34
31.69791667,2.43
31.70833333,2.46
31.71875,2.49
31.72916667,2.66
31.73958333,2.72
31.75,2.9
31.76041667,3.08
31.77083333,2.84
31.78125,2.84
31.79166667,2.66
31.80208333,2.69
31.8125,2.54
31.82291667,2.43
31.83333333,2.4
31.84375,2.43
31.85416667,2.43
31.86458333,2.43
31.875,2.43
31.88541667,2.51
31.89583333,2.4
31.90625,2.37
31.91666667,2.37
31.92708333,2.43
31.9375,2.4
31.94791667,2.34
31.95833333,2.37
31.96875,2.37
31.97916667,2.43
31.98958333,2.34
32,2.34
32.01041667,2.26
32.02083333,2.26
32.03125,2.26
32.04166667,2.18
32.05208333,2.21
32.0625,2.13
32.07291667,2.02
32.08333333,2.02
32.09375,2.02
32.10416667,2.02
32.11458333,1.94
32.125,1.94
32.13541667,1.87
32.14583333,1.84
32.15625,1.79
32.16666667,1.74
32.17708333,1.72
32.1875,1.67
32.19791667,1.67
32.20833333,1.59
32.21875,1.59
32.22916667,1.57
32.23958333,1.55
32.25,1.5
32.26041667,1.5
32.27083333,1.48
32.28125,1.48
32.29166667,1.48
32.30208333,1.52
32.3125,1.52
32.32291667,1.52
32.33333333,1.55
32.34375,1.57
32.35416667,1.62
32.36458333,1.67
32.375,1.64
32.38541667,1.64
32.39583333,1.62
32.40625,1.72
32.41666667,1.72
32.42708333,1.74
32.4375,1.72
32.44791667,1.69
32.45833333,1.74
32.46875,1.72
32.47916667,1.77
32.48958333,1.81
32.5,1.92
32.51041667,1.94
32.52083333,1.99
32.53125,1.99
32.54166667,1.84
32.55208333,1.97
32.5625,1.97
32.57291667,1.97
32.58333333,1.97
32.59375,2.13
32.60416667,2.05
32.61458333,2.05
32.625,2.05
32.63541667,2.18
32.64583333,2.21
32.65625,2.26
32.66666667,2.15
32.67708333,2.23
32.6875,2.26
32.69791667,2.21
32.70833333,1.89
32.71875,1.74
32.72916667,1.74
32.73958333,1.74
32.75,1.76
32.76041667,1.72
32.77083333,1.74
32.78125,1.76
32.79166667,1.84
32.80208333,1.89
32.8125,1.87
32.82291667,1.76
32.83333333,1.69
32.84375,1.64
32.85416667,1.64
32.86458333,1.67
32.875,1.69
32.88541667,1.69
32.89583333,1.67
32.90625,1.74
32.91666667,1.76
32.92708333,1.92
32.9375,2.02
32.94791667,2.05
32.95833333,1.99
32.96875,2.02
32.97916667,1.94
32.98958333,1.79
33,1.74
33.01041667,1.64
33.02083333,1.57
33.03125,1.64
33.04166667,1.72
33.05208333,1.76
33.0625,1.79
33.07291667,1.76
33.08333333,1.69
33.09375,1.62
33.10416667,1.59
33.11458333,1.59
33.125,1.5
33.13541667,1.45
33.14583333,1.36
33.15625,1.3
33.16666667,1.25
33.17708333,1.19
33.1875,1.21
33.19791667,1.16
33.20833333,1.15
33.21875,1.14
33.22916667,1.11
33.23958333,1.1
33.25,1.06
33.26041667,1.05
33.27083333,1.04
33.28125,1.02
33.29166667,1.01
33.30208333,1.01
33.3125,1.01
33.32291667,1.01
33.33333333,1.02
33.34375,1.05
33.35416667,1.06
33.36458333,1.07
33.375,1.07
33.38541667,1.09
33.39583333,1.1
33.40625,1.11
33.41666667,1.12
33.42708333,1.11
33.4375,1.15
33.44791667,1.18
33.45833333,1.25
33.46875,1.25
33.47916667,1.25
33.48958333,1.34
33.5,1.34
33.51041667,1.34
33.52083333,1.34
33.53125,1.39
33.54166667,1.32
33.55208333,1.41
33.5625,1.45
33.57291667,1.43
33.58333333,1.45
33.59375,1.55
33.60416667,1.5
33.61458333,1.52
33.625,1.52
33.63541667,1.52
33.64583333,1.52
33.65625,1.48
33.66666667,1.52
33.67708333,1.55
33.6875,1.62
33.69791667,1.64
33.70833333,1.52
33.71875,1.48
33.72916667,1.52
33.73958333,1.52
33.75,1.52
33.76041667,1.55
33.77083333,1.59
33.78125,1.55
33.79166667,1.62
33.80208333,1.64
33.8125,1.59
33.82291667,1.52
33.83333333,1.48
33.84375,1.48
33.85416667,1.5
33.86458333,1.5
33.875,1.48
33.88541667,1.5
33.89583333,1.52
33.90625,1.5
33.91666667,1.52
33.92708333,1.5
33.9375,1.52
33.94791667,1.55
33.95833333,1.57
33.96875,1.59
33.97916667,1.62
33.98958333,1.64
34,1.67
34.01041667,1.64
34.02083333,1.64
34.03125,1.64
34.04166667,1.59
34.05208333,1.57
34.0625,1.57
34.07291667,1.52
34.08333333,1.45
34.09375,1.34
34.10416667,1.23
34.11458333,1.19
34.125,1.14
34.13541667,1.12
34.14583333,1.1
34.15625,1.07
34.16666667,1.02
34.17708333,1.01
34.1875,1.01
34.19791667,0.96
34.20833333,0.96
34.21875,0.96
34.22916667,0.95
34.23958333,0.92
34.25,0.91
34.26041667,0.89
34.27083333,0.88
34.28125,0.87
34.29166667,0.87
34.30208333,0.87
34.3125,0.86
34.32291667,0.87
34.33333333,0.87
34.34375,0.88
34.35416667,0.89
34.36458333,0.93
34.375,0.96
34.38541667,0.97
34.39583333,0.96
34.40625,0.96
34.41666667,0.95
34.42708333,0.95
34.4375,0.95
34.44791667,0.95
34.45833333,0.96
34.46875,1
34.47916667,1
34.48958333,1.01
34.5,1.05
34.51041667,1.07
34.52083333,1.1
34.53125,1.12
34.54166667,1.14
34.55208333,1.16
34.5625,1.18
34.57291667,1.19
34.58333333,1.23
34.59375,1.23
34.60416667,1.25
34.61458333,1.27
34.625,1.25
34.63541667,1.23
34.64583333,1.27
34.65625,1.36
34.66666667,1.48
34.67708333,1.55
34.6875,1.55
34.69791667,1.55
34.70833333,1.59
34.71875,1.55
34.72916667,1.55
34.73958333,1.52
34.75,1.5
34.76041667,1.45
34.77083333,1.5
34.78125,1.5
34.79166667,1.52
34.80208333,1.69
34.8125,1.52
34.82291667,1.48
34.83333333,1.38
34.84375,1.34
34.85416667,1.27
34.86458333,1.3
34.875,1.36
34.88541667,1.36
34.89583333,1.38
34.90625,1.38
34.91666667,1.36
34.92708333,1.38
34.9375,1.36
34.94791667,1.41
34.95833333,1.38
34.96875,1.38
34.97916667,1.41
34.98958333,1.38
35,1.36
35.01041667,1.34
35.02083333,1.34
35.03125,1.32
35.04166667,1.34
35.05208333,1.36
35.0625,1.34
35.07291667,1.36
35.08333333,1.34
35.09375,1.27
35.10416667,1.23
35.11458333,1.19
35.125,1.18
35.13541667,1.15
35.14583333,1.11
35.15625,1.09
35.16666667,1.05
35.17708333,1.03
35.1875,1.01
35.19791667,0.97
35.20833333,0.96
35.21875,0.92
35.22916667,0.89
35.23958333,0.87
35.25,0.84
35.26041667,0.82
35.27083333,0.8
35.28125,0.78
35.29166667,0.78
35.30208333,0.78
35.3125,0.78
35.32291667,0.79
35.33333333,0.8
35.34375,0.82
35.35416667,0.82
35.36458333,0.83
35.375,0.86
35.38541667,0.87
35.39583333,0.87
35.40625,0.88
35.41666667,0.89
35.42708333,0.91
35.4375,0.91
35.44791667,0.91
35.45833333,0.89
35.46875,0.82
35.47916667,0.74
35.48958333,0.73
35.5,0.74
35.51041667,0.84
35.52083333,0.97
35.53125,1.01
35.54166667,1.01
35.55208333,1
35.5625,0.94
35.57291667,0.91
35.58333333,0.88
35.59375,0.86
35.60416667,0.87
35.61458333,0.88
35.625,0.89
35.63541667,0.92
35.64583333,1.01
35.65625,0.98
35.66666667,0.97
35.67708333,0.97
35.6875,0.97
35.69791667,0.98
35.70833333,1.01
35.71875,1.06
35.72916667,1.14
35.73958333,1.15
35.75,1.16
35.76041667,1.19
35.77083333,1.19
35.78125,1.18
35.79166667,1.18
35.80208333,1.25
35.8125,1.25
35.82291667,1.16
35.83333333,1.15
35.84375,1.16
35.85416667,1.18
35.86458333,1.19
35.875,1.18
35.88541667,1.18
35.89583333,1.18
35.90625,1.18
35.91666667,1.19
35.92708333,1.19
35.9375,1.19
35.94791667,1.16
35.95833333,1.14
35.96875,1.11
35.97916667,1.12
35.98958333,1.11
36,1.11
36.01041667,1.11
36.02083333,1.09
36.03125,1.06
36.04166667,1.03
36.05208333,1.01
36.0625,1
36.07291667,1.01
36.08333333,1.01
36.09375,1.01
36.10416667,1
36.11458333,0.97
36.125,0.92
36.13541667,0.91
36.14583333,0.88
36.15625,0.84
36.16666667,0.79
36.17708333,0.75
36.1875,0.74
36.19791667,0.73
36.20833333,0.71
36.21875,0.69
36.22916667,0.66
36.23958333,0.62
36.25,0.6
36.26041667,0.57
36.27083333,0.56
36.28125,0.55
36.29166667,0.52
36.30208333,0.5
36.3125,0.47
36.32291667,0.46
36.33333333,0.47
36.34375,0.5
36.35416667,0.51
36.36458333,0.56
36.375,0.59
36.38541667,0.64
36.39583333,0.65
36.40625,0.69
36.41666667,0.73
36.42708333,0.75
36.4375,0.75
36.44791667,0.77
36.45833333,0.78
36.46875,0.79
36.47916667,0.79
36.48958333,0.8
36.5,0.86
36.51041667,0.88
36.52083333,0.91
36.53125,0.92
36.54166667,0.91
36.55208333,0.92
36.5625,0.92
36.57291667,0.93
36.58333333,0.94
36.59375,0.96
36.60416667,0.96
36.61458333,1.01
36.625,1.06
36.63541667,1.1
36.64583333,1.14
36.65625,1.16
36.66666667,1.34
36.67708333,1.29
36.6875,1.32
36.69791667,1.32
36.70833333,1.34
36.71875,1.41
36.72916667,1.43
36.73958333,1.45
36.75,1.45
36.76041667,1.45
36.77083333,1.43
36.78125,1.38
36.79166667,1.38
36.80208333,1.69
36.8125,1.57
36.82291667,1.48
36.83333333,1.45
36.84375,1.41
36.85416667,1.43
36.86458333,1.41
36.875,1.41
36.88541667,1.36
36.89583333,1.38
36.90625,1.34
36.91666667,1.34
36.92708333,1.34
36.9375,1.29
36.94791667,1.27
36.95833333,1.23
36.96875,1.19
36.97916667,1.21
36.98958333,1.15
37,1.14
37.01041667,1.11
37.02083333,1.09
37.03125,1.07
37.04166667,1.05
37.05208333,1.06
37.0625,1.06
37.07291667,1.06
37.08333333,1.03
37.09375,1.01
37.10416667,0.96
37.11458333,0.94
37.125,0.92
37.13541667,0.89
37.14583333,0.85
37.15625,0.82
37.16666667,0.78
37.17708333,0.74
37.1875,0.71
37.19791667,0.69
37.20833333,0.68
37.21875,0.65
37.22916667,0.61
37.23958333,0.57
37.25,0.55
37.26041667,0.52
37.27083333,0.5
37.28125,0.47
37.29166667,0.44
37.30208333,0.43
37.3125,0.43
37.32291667,0.44
37.33333333,0.44
37.34375,0.44
37.35416667,0.42
37.36458333,0.41
37.375,0.38
37.38541667,0.35
37.39583333,0.35
37.40625,0.37
37.41666667,0.39
37.42708333,0.42
37.4375,0.47
37.44791667,0.53
37.45833333,0.57
37.46875,0.6
37.47916667,0.64
37.48958333,0.66
37.5,0.73
37.51041667,0.78
37.52083333,0.8
37.53125,0.84
37.54166667,0.83
37.55208333,0.82
37.5625,0.8
37.57291667,0.83
37.58333333,0.87
37.59375,0.91
37.60416667,0.93
37.61458333,0.98
37.625,1.03
37.63541667,1.09
37.64583333,1.12
37.65625,1.16
37.66666667,1.34
37.67708333,1.36
37.6875,1.55
37.69791667,1.62
37.70833333,1.59
37.71875,1.62
37.72916667,1.57
37.73958333,1.48
37.75,1.5
37.76041667,1.57
37.77083333,1.57
37.78125,1.55
37.79166667,1.5
37.80208333,1.62
37.8125,1.62
37.82291667,1.5
37.83333333,1.47
37.84375,1.45
37.85416667,1.47
37.86458333,1.55
37.875,1.55
37.88541667,1.5
37.89583333,1.43
37.90625,1.36
37.91666667,1.34
37.92708333,1.32
37.9375,1.32
37.94791667,1.27
37.95833333,1.21
37.96875,1.19
37.97916667,1.23
37.98958333,1.19
38,1.16
38.01041667,1.16
38.02083333,1.14
38.03125,1.1
38.04166667,1.09
38.05208333,1.09
38.0625,1.09
38.07291667,1.1
38.08333333,1.07
38.09375,1.05
38.10416667,1.02
38.11458333,1.01
38.125,0.97
38.13541667,0.93
38.14583333,0.91
38.15625,0.85
38.16666667,0.82
38.17708333,0.75
38.1875,0.7
38.19791667,0.66
38.20833333,0.62
38.21875,0.6
38.22916667,0.59
38.23958333,0.57
38.25,0.53
38.26041667,0.51
38.27083333,0.5
38.28125,0.48
38.29166667,0.46
38.30208333,0.46
38.3125,0.43
38.32291667,0.39
38.33333333,0.43
38.34375,0.47
38.35416667,0.5
38.36458333,0.59
38.375,0.64
38.38541667,0.7
38.39583333,0.82
38.40625,0.75
38.41666667,0.75
38.42708333,0.75
38.4375,0.73
38.44791667,0.71
38.45833333,0.7
38.46875,0.69
38.47916667,0.78
38.48958333,0.82
38.5,0.76
38.51041667,0.79
38.52083333,0.82
38.53125,0.85
38.54166667,0.87
38.55208333,0.92
38.5625,0.96
38.57291667,0.96
38.58333333,0.96
38.59375,0.96
38.60416667,0.94
38.61458333,0.93
38.625,0.91
38.63541667,0.91
38.64583333,0.93
38.65625,1.03
38.66666667,1.01
38.67708333,1.05
38.6875,1.09
38.69791667,1.12
38.70833333,1.15
38.71875,1.21
38.72916667,1.32
38.73958333,1.38
38.75,1.43
38.76041667,1.43
38.77083333,1.45
38.78125,1.47
38.79166667,1.45
38.80208333,1.5
38.8125,1.36
38.82291667,1.34
38.83333333,1.29
38.84375,1.27
38.85416667,1.25
38.86458333,1.17
38.875,1.14
38.88541667,1.1
38.89583333,1.07
38.90625,1.02
38.91666667,1.01
38.92708333,1.03
38.9375,1.05
38.94791667,1.06
38.95833333,1.06
38.96875,1.1
38.97916667,1.09
38.98958333,1.1
39,1.11
39.01041667,1.14
39.02083333,1.15
39.03125,1.16
39.04166667,1.15
39.05208333,1.14
39.0625,1.12
39.07291667,1.07
39.08333333,1.02
39.09375,0.97
39.10416667,0.93
39.11458333,0.91
39.125,0.87
39.13541667,0.82
39.14583333,0.79
39.15625,0.76
39.16666667,0.71
39.17708333,0.65
39.1875,0.61
39.19791667,0.55
39.20833333,0.52
39.21875,0.48
39.22916667,0.46
39.23958333,0.47
39.25,0.48
39.26041667,0.48
39.27083333,0.51
39.28125,0.53
39.29166667,0.53
39.30208333,0.58
39.3125,0.61
39.32291667,0.62
39.33333333,0.64
39.34375,0.65
39.35416667,0.66
39.36458333,0.69
39.375,0.73
39.38541667,0.74
39.39583333,0.75
39.40625,0.75
39.41666667,0.76
39.42708333,0.78
39.4375,0.76
39.44791667,0.78
39.45833333,0.79
39.46875,0.8
39.47916667,0.84
39.48958333,0.87
39.5,0.87
39.51041667,0.88
39.52083333,0.91
39.53125,0.93
39.54166667,0.94
39.55208333,0.96
39.5625,0.98
39.57291667,1.01
39.58333333,1.01
39.59375,1.03
39.60416667,1.05
39.61458333,1.03
39.625,1.06
39.63541667,1.06
39.64583333,1.08
39.65625,1.08
39.66666667,1.08
39.67708333,1.1
39.6875,1.1
39.69791667,1.15
39.70833333,1.12
39.71875,1.1
39.72916667,1.07
39.73958333,1.06
39.75,1.07
39.76041667,1.1
39.77083333,1.11
39.78125,1.12
39.79166667,1.11
39.80208333,1.11
39.8125,1.15
39.82291667,1.15
39.83333333,1.17
39.84375,1.21
39.85416667,1.25
39.86458333,1.25
39.875,1.25
39.88541667,1.25
39.89583333,1.23
39.90625,1.23
39.91666667,1.21
39.92708333,1.21
39.9375,1.19
39.94791667,1.19
39.95833333,1.19
39.96875,1.17
39.97916667,1.19
39.98958333,1.16
40,1.15
40.01041667,1.15
40.02083333,1.15
40.03125,1.14
40.04166667,1.14
40.05208333,1.14
40.0625,1.14
40.07291667,1.14
40.08333333,1.16
40.09375,1.15
40.10416667,1.14
40.11458333,1.1
40.125,1.06
40.13541667,1.05
40.14583333,1.05
40.15625,1.01
40.16666667,0.96
40.17708333,0.91
40.1875,0.87
40.19791667,0.82
40.20833333,0.76
40.21875,0.74
40.22916667,0.73
40.23958333,0.71
40.25,0.69
40.26041667,0.67
40.27083333,0.65
40.28125,0.65
40.29166667,0.66
40.30208333,0.76
40.3125,0.92
40.32291667,0.79
40.33333333,0.73
40.34375,0.73
40.35416667,0.73
40.36458333,0.64
40.375,0.44
40.38541667,0.33
40.39583333,0.31
40.40625,0.31
40.41666667,0.34
40.42708333,0.38
40.4375,0.41
40.44791667,0.41
40.45833333,0.42
40.46875,0.44
40.47916667,0.46
40.48958333,0.48
40.5,0.52
40.51041667,0.56
40.52083333,0.65
40.53125,0.67
40.54166667,0.69
40.55208333,0.69
40.5625,0.7
40.57291667,0.76
40.58333333,0.69
40.59375,0.7
40.60416667,0.71
40.61458333,0.71
40.625,0.71
40.63541667,0.71
40.64583333,0.73
40.65625,0.74
40.66666667,0.78
40.67708333,0.85
40.6875,0.82
40.69791667,0.8
40.70833333,0.82
40.71875,0.84
40.72916667,0.88
40.73958333,0.89
40.75,0.89
40.76041667,0.88
40.77083333,0.89
40.78125,0.91
40.79166667,0.93
40.80208333,0.96
40.8125,1.03
40.82291667,1.02
40.83333333,1.01
40.84375,0.97
40.85416667,0.93
40.86458333,0.91
40.875,0.87
40.88541667,0.85
40.89583333,0.85
40.90625,0.87
40.91666667,0.87
40.92708333,0.89
40.9375,0.91
40.94791667,0.91
40.95833333,0.91
40.96875,0.91
40.97916667,0.88
40.98958333,0.89
41,0.88
41.01041667,0.88
41.02083333,0.87
41.03125,0.85
41.04166667,0.85
41.05208333,0.84
41.0625,0.83
41.07291667,0.82
41.08333333,0.8
41.09375,0.78
41.10416667,0.75
41.11458333,0.74
41.125,0.73
41.13541667,0.71
41.14583333,0.73
41.15625,0.71
41.16666667,0.69
41.17708333,0.65
41.1875,0.62
41.19791667,0.58
41.20833333,0.55
41.21875,0.48
41.22916667,0.43
41.23958333,0.38
41.25,0.34
41.26041667,0.31
41.27083333,0.29
41.28125,0.28
41.29166667,0.26
41.30208333,0.24
41.3125,0.24
41.32291667,0.23
41.33333333,0.24
41.34375,0.23
41.35416667,0.2
41.36458333,0.19
41.375,0.22
41.38541667,0.28
41.39583333,0.29
41.40625,0.29
41.41666667,0.26
41.42708333,0.27
41.4375,0.3
41.44791667,0.31
41.45833333,0.32
41.46875,0.31
41.47916667,0.33
41.48958333,0.38
41.5,0.43
41.51041667,0.51
41.52083333,0.53
41.53125,0.53
41.54166667,0.53
41.55208333,0.56
41.5625,0.58
41.57291667,0.62
41.58333333,0.64
41.59375,0.64
41.60416667,0.64
41.61458333,0.65
41.625,0.69
41.63541667,0.71
41.64583333,0.71
41.65625,0.73
41.66666667,0.74
41.67708333,0.78
41.6875,0.8
41.69791667,0.98
41.70833333,0.94
41.71875,0.9
41.72916667,0.88
41.73958333,0.88
41.75,0.87
41.76041667,0.87
41.77083333,0.87
41.78125,0.92
41.79166667,0.94
41.80208333,0.99
41.8125,1.03
41.82291667,0.98
41.83333333,0.94
41.84375,0.9
41.85416667,0.87
41.86458333,0.84
41.875,0.85
41.88541667,0.88
41.89583333,0.92
41.90625,0.93
41.91666667,0.96
41.92708333,0.94
41.9375,0.93
41.94791667,0.9
41.95833333,0.88
41.96875,0.87
41.97916667,0.87
41.98958333,0.85
42,0.9
42.01041667,0.85
42.02083333,0.81
42.03125,0.79
42.04166667,0.78
42.05208333,0.76
42.0625,0.75
42.07291667,0.73
42.08333333,0.69
42.09375,0.65
42.10416667,0.64
42.11458333,0.61
42.125,0.58
42.13541667,0.55
42.14583333,0.52
42.15625,0.48
42.16666667,0.44
42.17708333,0.43
42.1875,0.42
42.19791667,0.42
42.20833333,0.39
42.21875,0.35
42.22916667,0.31
42.23958333,0.29
42.25,0.26
42.26041667,0.24
42.27083333,0.23
42.28125,0.22
42.29166667,0.22
42.30208333,0.22
42.3125,0.22
42.32291667,0.22
42.33333333,0.21
42.34375,0.22
42.35416667,0.23
42.36458333,0.24
42.375,0.24
42.38541667,0.25
42.39583333,0.27
42.40625,0.32
42.41666667,0.4
42.42708333,0.33
42.4375,0.3
42.44791667,0.29
42.45833333,0.29
42.46875,0.31
42.47916667,0.33
42.48958333,0.35
42.5,0.4
42.51041667,0.44
42.52083333,0.47
42.53125,0.51
42.54166667,0.52
42.55208333,0.55
42.5625,0.55
42.57291667,0.55
42.58333333,0.49
42.59375,0.4
42.60416667,0.44
42.61458333,0.55
42.625,0.6
42.63541667,0.62
42.64583333,0.62
42.65625,0.67
42.66666667,0.76
42.67708333,0.87
42.6875,0.83
42.69791667,0.81
42.70833333,0.81
42.71875,0.81
42.72916667,0.81
42.73958333,0.85
42.75,0.87
42.76041667,0.9
42.77083333,0.96
42.78125,0.98
42.79166667,1.01
42.80208333,1.01
42.8125,0.97
42.82291667,1.05
42.83333333,0.98
42.84375,0.89
42.85416667,0.85
42.86458333,0.84
42.875,0.84
42.88541667,0.85
42.89583333,0.85
42.90625,0.85
42.91666667,0.88
42.92708333,0.87
42.9375,0.88
42.94791667,0.87
42.95833333,0.85
42.96875,0.83
42.97916667,0.81
42.98958333,0.85
43,0.83
43.01041667,0.81
43.02083333,0.8
43.03125,0.78
43.04166667,0.75
43.05208333,0.72
43.0625,0.71
43.07291667,0.69
43.08333333,0.66
43.09375,0.64
43.10416667,0.6
43.11458333,0.56
43.125,0.52
43.13541667,0.49
43.14583333,0.49
43.15625,0.49
43.16666667,0.48
43.17708333,0.44
43.1875,0.42
43.19791667,0.37
43.20833333,0.34
43.21875,0.32
43.22916667,0.29
43.23958333,0.27
43.25,0.26
43.26041667,0.26
43.27083333,0.24
43.28125,0.22
43.29166667,0.2
43.30208333,0.19
43.3125,0.18
43.32291667,0.17
43.33333333,0.17
43.34375,0.17
43.35416667,0.18
43.36458333,0.2
43.375,0.22
43.38541667,0.23
43.39583333,0.24
43.40625,0.24
43.41666667,0.24
43.42708333,0.24
43.4375,0.25
43.44791667,0.25
43.45833333,0.24
43.46875,0.25
43.47916667,0.26
43.48958333,0.3
43.5,0.37
43.51041667,0.44
43.52083333,0.46
43.53125,0.46
43.54166667,0.44
43.55208333,0.44
43.5625,0.51
43.57291667,0.61
43.58333333,0.65
43.59375,0.66
43.60416667,0.69
43.61458333,0.72
43.625,0.75
43.63541667,0.8
43.64583333,0.9
43.65625,0.96
43.66666667,0.9
43.67708333,0.9
43.6875,0.9
43.69791667,0.93
43.70833333,0.96
43.71875,0.96
43.72916667,0.96
43.73958333,0.97
43.75,1.01
43.76041667,1.03
43.77083333,1.06
43.78125,1.08
43.79166667,1.27
43.80208333,1.21
43.8125,1.16
43.82291667,1.15
43.83333333,1.19
43.84375,1.19
43.85416667,1.17
43.86458333,1.16
43.875,1.17
43.88541667,1.14
43.89583333,1.11
43.90625,1.1
43.91666667,1.07
43.92708333,1.07
43.9375,1.05
43.94791667,1.01
43.95833333,0.97
43.96875,1.01
43.97916667,1.02
43.98958333,0.92
44,0.87
44.01041667,0.83
44.02083333,0.8
44.03125,0.78
44.04166667,0.75
44.05208333,0.75
44.0625,0.74
44.07291667,0.74
44.08333333,0.74
44.09375,0.72
44.10416667,0.72
44.11458333,0.72
44.125,0.71
44.13541667,0.69
44.14583333,0.67
44.15625,0.63
44.16666667,0.58
44.17708333,0.53
44.1875,0.46
44.19791667,0.4
44.20833333,0.34
44.21875,0.31
44.22916667,0.28
44.23958333,0.24
44.25,0.22
44.26041667,0.19
44.27083333,0.17
44.28125,0.14
44.29166667,0.11
44.30208333,0.09
44.3125,0.06
44.32291667,0.04
44.33333333,0.02
44.34375,0
44.35416667,0
44.36458333,0
44.375,0
44.38541667,0
44.39583333,0
44.40625,0
44.41666667,0
44.42708333,0.06
44.4375,0.09
44.44791667,0.09
44.45833333,0.11
44.46875,0.17
44.47916667,0.24
44.48958333,0.3
44.5,0.32
44.51041667,0.34
44.52083333,0.39
44.53125,0.4
44.54166667,0.43
44.55208333,0.44
44.5625,0.48
44.57291667,0.54
44.58333333,0.61
44.59375,0.62
44.60416667,0.62
44.61458333,0.66
44.625,0.7
44.63541667,0.72
44.64583333,0.76
44.65625,0.8
44.66666667,0.85
44.67708333,0.88
44.6875,1.05
44.69791667,1.05
44.70833333,1.01
44.71875,0.97
44.72916667,0.92
44.73958333,0.93
44.75,0.98
44.76041667,1.01
44.77083333,1.03
44.78125,1.03
44.79166667,1.12
44.80208333,1.13
44.8125,1.11
44.82291667,1.1
44.83333333,1.07
44.84375,1.07
44.85416667,1.07
44.86458333,1.08
44.875,1.07
44.88541667,1.05
44.89583333,1.03
44.90625,1.02
44.91666667,1.02
44.92708333,1.01
44.9375,1.01
44.94791667,0.97
44.95833333,0.96
44.96875,0.97
44.97916667,0.97
44.98958333,0.93
45,0.9
45.01041667,0.85
45.02083333,0.81
45.03125,0.79
45.04166667,0.78
45.05208333,0.79
45.0625,0.78
45.07291667,0.79
45.08333333,0.79
45.09375,0.78
45.10416667,0.76
45.11458333,0.75
45.125,0.72
45.13541667,0.69
45.14583333,0.62
45.15625,0.56
45.16666667,0.49
45.17708333,0.43
45.1875,0.38
45.19791667,0.34
45.20833333,0.33
45.21875,0.32
45.22916667,0.29
45.23958333,0.26
45.25,0.24
45.26041667,0.21
45.27083333,0.19
45.28125,0.17
45.29166667,0.16
45.30208333,0.15
45.3125,0.15
45.32291667,0.13
45.33333333,0.11
45.34375,0.09
45.35416667,0.06
45.36458333,0.03
45.375,0.01
45.38541667,0
45.39583333,0
45.40625,0
45.41666667,0.15
45.42708333,0.21
45.4375,0.23
45.44791667,0.25
45.45833333,0.26
45.46875,0.26
45.47916667,0.28
45.48958333,0.31
45.5,0.36
45.51041667,0.42
45.52083333,0.47
45.53125,0.52
45.54166667,0.54
45.55208333,0.52
45.5625,0.48
45.57291667,0.45
45.58333333,0.45
45.59375,0.52
45.60416667,0.57
45.61458333,0.58
45.625,0.57
45.63541667,0.57
45.64583333,0.58
45.65625,0.6
45.66666667,0.66
45.67708333,0.71
45.6875,0.81
45.69791667,0.79
45.70833333,0.76
45.71875,0.74
45.72916667,0.72
45.73958333,0.71
45.75,0.72
45.76041667,0.74
45.77083333,0.76
45.78125,0.76
45.79166667,0.76
45.80208333,0.78
45.8125,0.8
45.82291667,0.78
45.83333333,0.79
45.84375,0.79
45.85416667,0.81
45.86458333,0.8
45.875,0.81
45.88541667,0.78
45.89583333,0.79
45.90625,0.78
45.91666667,0.75
45.92708333,0.75
45.9375,0.74
45.94791667,0.72
45.95833333,0.74
45.96875,0.74
45.97916667,0.8
45.98958333,0.75
46,0.72
46.01041667,0.72
46.02083333,0.72
46.03125,0.72
46.04166667,0.71
46.05208333,0.7
46.0625,0.66
46.07291667,0.62
46.08333333,0.57
46.09375,0.53
46.10416667,0.48
46.11458333,0.45
46.125,0.44
46.13541667,0.43
46.14583333,0.39
46.15625,0.35
46.16666667,0.32
46.17708333,0.3
46.1875,0.27
46.19791667,0.24
46.20833333,0.21
46.21875,0.18
46.22916667,0.15
46.23958333,0.13
46.25,0.1
46.26041667,0.09
46.27083333,0.07
46.28125,0.06
46.29166667,0.05
46.30208333,0.05
46.3125,0.04
46.32291667,0.02
46.33333333,0.01
46.34375,0
46.35416667,0
46.36458333,0
46.375,0.01
46.38541667,0.05
46.39583333,0.11
46.40625,0.13
46.41666667,0.15
46.42708333,0.17
46.4375,0.19
46.44791667,0.21
46.45833333,0.22
46.46875,0.24
46.47916667,0.26
46.48958333,0.3
46.5,0.31
46.51041667,0.3
46.52083333,0.33
46.53125,0.4
46.54166667,0.44
46.55208333,0.47
46.5625,0.52
46.57291667,0.52
46.58333333,0.54
46.59375,0.57
46.60416667,0.57
46.61458333,0.57
46.625,0.56
46.63541667,0.58
46.64583333,0.6
46.65625,0.63
46.66666667,0.67
46.67708333,0.8
46.6875,0.74
46.69791667,0.67
46.70833333,0.66
46.71875,0.69
46.72916667,0.71
46.73958333,0.72
46.75,0.75
46.76041667,0.78
46.77083333,0.78
46.78125,0.76
46.79166667,0.78
46.80208333,0.76
46.8125,0.78
46.82291667,0.8
46.83333333,0.75
46.84375,0.72
46.85416667,0.74
46.86458333,0.72
46.875,0.72
46.88541667,0.72
46.89583333,0.72
46.90625,0.72
46.91666667,0.72
46.92708333,0.72
46.9375,0.72
46.94791667,0.74
46.95833333,0.72
46.96875,0.74
46.97916667,0.77
46.98958333,0.77
47,0.76
47.01041667,0.75
47.02083333,0.74
47.03125,0.71
47.04166667,0.69
47.05208333,0.67
47.0625,0.63
47.07291667,0.6
47.08333333,0.56
47.09375,0.52
47.10416667,0.48
47.11458333,0.48
47.125,0.52
47.13541667,0.53
47.14583333,0.54
47.15625,0.52
47.16666667,0.47
47.17708333,0.42
47.1875,0.35
47.19791667,0.31
47.20833333,0.29
47.21875,0.25
47.22916667,0.21
47.23958333,0.18
47.25,0.14
47.26041667,0.11
47.27083333,0.1
47.28125,0.07
47.29166667,0.06
47.30208333,0.06
47.3125,0.07
47.32291667,0.09
47.33333333,0.1
47.34375,0.11
47.35416667,0.14
47.36458333,0.15
47.375,0.18
47.38541667,0.2
47.39583333,0.21
47.40625,0.23
47.41666667,0.24
47.42708333,0.24
47.4375,0.24
47.44791667,0.24
47.45833333,0.24
47.46875,0.26
47.47916667,0.3
47.48958333,0.38
47.5,0.45
47.51041667,0.48
47.52083333,0.49
47.53125,0.49
47.54166667,0.52
47.55208333,0.53
47.5625,0.54
47.57291667,0.56
47.58333333,0.57
47.59375,0.56
47.60416667,0.57
47.61458333,0.58
47.625,0.6
47.63541667,0.63
47.64583333,0.79
47.65625,0.8
47.66666667,0.8
47.67708333,0.79
47.6875,0.8
47.69791667,0.8
47.70833333,0.8
47.71875,0.81
47.72916667,0.83
47.73958333,0.83
47.75,0.83
47.76041667,0.81
47.77083333,0.79
47.78125,0.79
47.79166667,0.81
47.80208333,0.9
47.8125,0.85
47.82291667,0.85
47.83333333,0.85
47.84375,0.86
47.85416667,0.88
47.86458333,0.88
47.875,0.89
47.88541667,0.9
47.89583333,0.92
47.90625,0.9
47.91666667,0.9
47.92708333,0.9
47.9375,0.9
47.94791667,0.9
47.95833333,0.9
47.96875,0.92
47.97916667,0.9
47.98958333,0.88
48,0.86
48.01041667,0.85
48.02083333,0.84
48.03125,0.83
48.04166667,0.8
48.05208333,0.77
48.0625,0.74
48.07291667,0.7
48.08333333,0.68
48.09375,0.67
48.10416667,0.67
48.11458333,0.68
48.125,0.7
48.13541667,0.71
48.14583333,0.68
48.15625,0.66
48.16666667,0.61
48.17708333,0.53
48.1875,0.47
48.19791667,0.36
48.20833333,0.29
48.21875,0.24
48.22916667,0.2
48.23958333,0.17
48.25,0.15
48.26041667,0.13
48.27083333,0.13
48.28125,0.13
48.29166667,0.13
48.30208333,0.11
48.3125,0.11
48.32291667,0.09
48.33333333,0.09
48.34375,0.11
48.35416667,0.15
48.36458333,0.18
48.375,0.2
48.38541667,0.25
48.39583333,0.3
48.40625,0.32
48.41666667,0.32
48.42708333,0.32
48.4375,0.31
48.44791667,0.32
48.45833333,0.32
48.46875,0.38
48.47916667,0.42
48.48958333,0.48
48.5,0.52
48.51041667,0.53
48.52083333,0.56
48.53125,0.62
48.54166667,0.65
48.55208333,0.7
48.5625,0.72
48.57291667,0.75
48.58333333,0.75
48.59375,0.75
48.60416667,0.74
48.61458333,0.72
48.625,0.68
48.63541667,0.67
48.64583333,0.67
48.65625,0.7
48.66666667,0.75
48.67708333,0.84
48.6875,0.86
48.69791667,0.84
48.70833333,0.79
48.71875,0.79
48.72916667,0.81
48.73958333,0.86
48.75,0.86
48.76041667,0.88
48.77083333,0.86
48.78125,0.88
48.79166667,0.88
48.80208333,0.86
48.8125,0.9
48.82291667,0.86
48.83333333,0.81
48.84375,0.8
48.85416667,0.81
48.86458333,0.83
48.875,0.81
48.88541667,0.85
48.89583333,0.88
48.90625,0.9
48.91666667,0.92
48.92708333,0.9
48.9375,0.9
48.94791667,0.89
48.95833333,0.88
48.96875,0.86
48.97916667,0.88
48.98958333,0.84
49,0.8
49.01041667,0.77
49.02083333,0.75
49.03125,0.75
49.04166667,0.72
49.05208333,0.71
49.0625,0.68
49.07291667,0.67
49.08333333,0.66
49.09375,0.68
49.10416667,0.67
49.11458333,0.65
49.125,0.59
49.13541667,0.53
49.14583333,0.47
49.15625,0.43
49.16666667,0.36
49.17708333,0.33
49.1875,0.3
49.19791667,0.28
49.20833333,0.26
49.21875,0.24
49.22916667,0.22
49.23958333,0.2
49.25,0.18
49.26041667,0.17
49.27083333,0.16
49.28125,0.15
49.29166667,0.13
49.30208333,0.11
49.3125,0.09
49.32291667,0.08
49.33333333,0.08
49.34375,0.1
49.35416667,0.15
49.36458333,0.21
49.375,0.26
49.38541667,0.28
49.39583333,0.29
49.40625,0.29
49.41666667,0.3
49.42708333,0.3
49.4375,0.29
49.44791667,0.3
49.45833333,0.33
49.46875,0.4
49.47916667,0.44
49.48958333,0.47
49.5,0.54
49.51041667,0.61
49.52083333,0.65
49.53125,0.65
49.54166667,0.66
49.55208333,0.75
49.5625,0.72
49.57291667,0.71
49.58333333,0.72
49.59375,0.72
49.60416667,0.72
49.61458333,0.76
49.625,0.77
49.63541667,0.75
49.64583333,0.77
49.65625,0.8
49.66666667,0.8
49.67708333,0.83
49.6875,0.93
49.69791667,1.27
49.70833333,1.22
49.71875,1.25
49.72916667,1.29
49.73958333,1.27
49.75,1.22
49.76041667,1.22
49.77083333,1.18
49.78125,1.16
49.79166667,1.13
49.80208333,1.31
49.8125,1.25
49.82291667,1.16
49.83333333,1.06
49.84375,1.03
49.85416667,1.01
49.86458333,0.99
49.875,1.01
49.88541667,0.99
49.89583333,0.99
49.90625,0.97
49.91666667,0.95
49.92708333,0.94
49.9375,0.94
49.94791667,0.93
49.95833333,0.93
49.96875,0.94
49.97916667,0.95
49.98958333,0.95
50,0.94
50.01041667,0.92
50.02083333,0.89
50.03125,0.89
50.04166667,0.88
50.05208333,0.88
50.0625,0.85
50.07291667,0.84
50.08333333,0.83
50.09375,0.81
50.10416667,0.81
50.11458333,0.79
50.125,0.79
50.13541667,0.77
50.14583333,0.74
50.15625,0.68
50.16666667,0.63
50.17708333,0.59
50.1875,0.53
50.19791667,0.47
50.20833333,0.39
50.21875,0.32
50.22916667,0.28
50.23958333,0.24
50.25,0.2
50.26041667,0.17
50.27083333,0.15
50.28125,0.15
50.29166667,0.16
50.30208333,0.15
50.3125,0.15
50.32291667,0.15
50.33333333,0.17
50.34375,0.16
50.35416667,0.15
50.36458333,0.15
50.375,0.2
50.38541667,0.25
50.39583333,0.26
50.40625,0.26
50.41666667,0.26
50.42708333,0.28
50.4375,0.28
50.44791667,0.3
50.45833333,0.32
50.46875,0.34
50.47916667,0.4
50.48958333,0.54
50.5,0.57
50.51041667,0.58
50.52083333,0.59
50.53125,0.63
50.54166667,0.72
50.55208333,0.71
50.5625,0.72
50.57291667,0.72
50.58333333,0.72
50.59375,0.75
50.60416667,0.84
50.61458333,0.89
50.625,0.89
50.63541667,0.9
50.64583333,0.92
50.65625,0.98
50.66666667,0.99
50.67708333,1.02
50.6875,1.18
50.69791667,1.2
50.70833333,1.22
50.71875,1.25
50.72916667,1.2
50.73958333,1.18
50.75,1.18
50.76041667,1.22
50.77083333,1.17
50.78125,1.18
50.79166667,1.25
50.80208333,1.27
50.8125,1.52
50.82291667,1.4
50.83333333,1.27
50.84375,1.22
50.85416667,1.18
50.86458333,1.2
50.875,1.17
50.88541667,1.16
50.89583333,1.16
50.90625,1.12
50.91666667,1.12
50.92708333,1.11
50.9375,1.11
50.94791667,1.11
50.95833333,1.08
50.96875,1.06
50.97916667,1
50.98958333,0.97
51,0.81
51.01041667,0.74
51.02083333,0.72
51.03125,0.72
51.04166667,0.72
51.05208333,0.75
51.0625,0.74
51.07291667,0.71
51.08333333,0.65
51.09375,0.57
51.10416667,0.49
51.11458333,0.41
51.125,0.39
51.13541667,0.4
51.14583333,0.43
51.15625,0.41
51.16666667,0.39
51.17708333,0.34
51.1875,0.3
51.19791667,0.28
51.20833333,0.26
51.21875,0.25
51.22916667,0.21
51.23958333,0.17
51.25,0.14
51.26041667,0.11
51.27083333,0.07
51.28125,0.05
51.29166667,0.03
51.30208333,0.01
51.3125,0
51.32291667,0
51.33333333,0
51.34375,0
51.35416667,0
51.36458333,0
51.375,0
51.38541667,0
51.39583333,0
51.40625,0
51.41666667,0
51.42708333,0
51.4375,0
51.44791667,0
51.45833333,0
51.46875,0
51.47916667,0
51.48958333,0.2
51.5,0.25
51.51041667,0.28
51.52083333,0.31
51.53125,0.32
51.54166667,0.35
51.55208333,0.38
51.5625,0.44
51.57291667,0.48
51.58333333,0.49
51.59375,0.52
51.60416667,0.54
51.61458333,0.54
51.625,0.56
51.66666667,0.8
51.67708333,0.8
51.6875,1.04
51.69791667,1.11
51.70833333,1.07
51.71875,1.03
51.72916667,0.98
51.73958333,0.97
51.75,0.95
51.76041667,0.94
51.77083333,0.94
51.78125,0.95
51.79166667,0.99
51.80208333,1.03
51.8125,1.08
51.82291667,1.25
51.83333333,1.2
51.84375,1.08
51.85416667,1.18
51.86458333,1.2
51.875,1.15
51.88541667,1.11
51.89583333,1.09
51.90625,1.07
51.91666667,1.06
51.92708333,1.04
51.9375,1
51.94791667,0.98
51.95833333,0.95
51.96875,0.93
51.97916667,0.91
51.98958333,0.91
52,0.9
52.01041667,0.88
52.02083333,0.94
52.03125,0.85
52.04166667,0.79
52.05208333,0.75
52.0625,0.68
52.07291667,0.62
52.08333333,0.56
52.09375,0.49
52.10416667,0.45
52.11458333,0.41
52.125,0.4
52.13541667,0.44
52.14583333,0.49
52.15625,0.52
52.16666667,0.49
52.17708333,0.44
52.1875,0.36
52.19791667,0.32
52.20833333,0.29
52.21875,0.26
52.22916667,0.22
52.23958333,0.19
52.25,0.16
52.26041667,0.15
52.27083333,0.14
52.28125,0.13
52.29166667,0.11
52.30208333,0.09
52.3125,0.07
52.32291667,0.06
52.33333333,0.05
52.34375,0.05
52.35416667,0.05
52.36458333,0.04
52.375,0.05
52.38541667,0.06
52.39583333,0.09
52.40625,0.09
52.41666667,0.1
52.42708333,0.11
52.4375,0.14
52.44791667,0.18
52.45833333,0.2
52.46875,0.23
52.47916667,0.24
52.48958333,0.26
52.5,0.27
52.51041667,0.29
52.52083333,0.32
52.53125,0.4
52.54166667,0.49
52.55208333,0.58
52.5625,0.59
52.57291667,0.59
52.58333333,0.59
52.59375,0.59
52.60416667,0.58
52.61458333,0.59
52.625,0.59
52.63541667,0.58
52.64583333,0.58
52.65625,0.61
52.66666667,0.71
52.67708333,0.77
52.6875,0.76
52.69791667,0.77
52.70833333,0.81
52.71875,0.81
52.72916667,0.81
52.73958333,0.79
52.75,0.81
52.76041667,0.82
52.77083333,0.84
52.78125,0.86
52.79166667,0.99
52.80208333,0.99
52.8125,0.94
52.82291667,0.9
52.83333333,0.86
52.84375,0.84
52.85416667,0.82
52.86458333,0.8
52.875,0.79
52.88541667,0.79
52.89583333,0.81
52.90625,0.81
52.91666667,0.82
52.92708333,0.82
52.9375,0.81
52.94791667,0.79
52.95833333,0.76
52.96875,0.72
52.97916667,0.71
52.98958333,0.72
53,0.76
53.01041667,0.84
53.02083333,0.8
53.03125,0.77
53.04166667,0.72
53.05208333,0.7
53.0625,0.68
53.07291667,0.66
53.08333333,0.63
53.09375,0.62
53.10416667,0.62
53.11458333,0.62
53.125,0.61
53.13541667,0.57
53.14583333,0.52
53.15625,0.45
53.16666667,0.39
53.17708333,0.35
53.1875,0.33
53.19791667,0.31
53.20833333,0.29
53.21875,0.26
53.22916667,0.23
53.23958333,0.2
53.25,0.17
53.26041667,0.13
53.27083333,0.11
53.28125,0.09
53.29166667,0.09
53.30208333,0.09
53.3125,0.1
53.32291667,0.1
53.33333333,0.1
53.34375,0.09
53.35416667,0.09
53.36458333,0.11
53.375,0.14
53.38541667,0.17
53.39583333,0.2
53.40625,0.24
53.41666667,0.27
53.42708333,0.28
53.4375,0.3
53.44791667,0.31
53.45833333,0.32
53.46875,0.32
53.47916667,0.33
53.48958333,0.39
53.5,0.45
53.51041667,0.45
53.52083333,0.5
53.53125,0.53
53.54166667,0.54
53.55208333,0.55
53.5625,0.57
53.57291667,0.59
53.58333333,0.62
53.59375,0.62
53.60416667,0.61
53.61458333,0.59
53.625,0.59
53.63541667,0.61
53.64583333,0.68
53.65625,0.68
53.66666667,0.7
53.67708333,0.75
53.6875,0.79
53.69791667,0.8
53.70833333,0.81
53.71875,0.8
53.72916667,0.77
53.73958333,0.8
53.75,0.81
53.76041667,0.81
53.77083333,0.84
53.78125,0.85
53.79166667,0.89
53.80208333,0.94
53.8125,1.04
53.82291667,1.03
53.83333333,1
53.84375,0.99
53.85416667,0.99
53.86458333,1.04
53.875,1.08
53.88541667,1.11
53.89583333,1.08
53.90625,1.04
53.91666667,1
53.92708333,0.97
53.9375,0.93
53.94791667,0.9
53.95833333,0.9
53.96875,0.95
53.97916667,1.09
53.98958333,1.06
54,0.99
54.01041667,0.95
54.02083333,0.9
54.03125,0.84
54.04166667,0.77
54.05208333,0.7
54.0625,0.63
54.07291667,0.58
54.08333333,0.55
54.09375,0.57
54.10416667,0.59
54.11458333,0.62
54.125,0.64
54.13541667,0.63
54.14583333,0.62
54.15625,0.58
54.16666667,0.52
54.17708333,0.5
54.1875,0.53
54.19791667,0.46
54.20833333,0.4
54.21875,0.32
54.22916667,0.28
54.23958333,0.23
54.25,0.19
54.26041667,0.14
54.27083333,0.11
54.28125,0.07
54.29166667,0.05
54.30208333,0.04
54.3125,0.03
54.32291667,0.05
54.33333333,0.11
54.34375,0.11
54.35416667,0.11
54.36458333,0.11
54.375,0.1
54.38541667,0.1
54.39583333,0.1
54.40625,0.11
54.41666667,0.14
54.42708333,0.19
54.4375,0.24
54.44791667,0.32
54.45833333,0.34
54.46875,0.33
54.47916667,0.34
54.48958333,0.35
54.5,0.39
54.51041667,0.43
54.52083333,0.46
54.53125,0.49
54.54166667,0.52
54.55208333,0.52
54.5625,0.5
54.57291667,0.52
54.58333333,0.52
54.59375,0.57
54.60416667,0.55
54.61458333,0.57
54.625,0.59
54.63541667,0.61
54.64583333,0.61
54.65625,0.58
54.66666667,0.58
54.67708333,0.57
54.6875,0.64
54.69791667,0.68
54.70833333,0.7
54.71875,0.71
54.72916667,0.71
54.73958333,0.71
54.75,0.7
54.76041667,0.71
54.77083333,0.71
54.78125,0.71
54.79166667,0.73
54.80208333,0.75
54.8125,0.77
54.82291667,0.76
54.83333333,0.73
54.84375,0.73
54.85416667,0.72
54.86458333,0.76
54.875,0.79
54.88541667,0.85
54.89583333,0.86
54.90625,0.85
54.91666667,0.82
54.92708333,0.81
54.9375,0.81
54.94791667,0.85
54.95833333,0.9
54.96875,0.93
54.97916667,0.99
54.98958333,0.94
55,0.9
55.01041667,0.88
55.02083333,0.86
55.03125,0.82
55.04166667,0.79
55.05208333,0.75
55.0625,0.75
55.07291667,0.75
55.08333333,0.73
55.09375,0.71
55.10416667,0.67
55.11458333,0.62
55.125,0.57
55.13541667,0.52
55.14583333,0.46
55.15625,0.39
55.16666667,0.32
55.17708333,0.27
55.1875,0.26
55.19791667,0.23
55.20833333,0.19
55.21875,0.16
55.22916667,0.14
55.23958333,0.12
55.25,0.1
55.26041667,0.07
55.27083333,0.05
55.28125,0.03
55.29166667,0.03
55.30208333,0.01
55.3125,0
55.32291667,0
55.33333333,0
55.34375,0
55.35416667,0
55.36458333,0
55.375,0
55.38541667,0
55.39583333,0
55.40625,0
55.41666667,0
55.42708333,0
55.4375,0
55.44791667,0
55.45833333,0.07
55.46875,0.14
55.47916667,0.13
55.48958333,0.16
55.5,0.21
55.51041667,0.25
55.52083333,0.27
55.53125,0.31
55.54166667,0.33
55.55208333,0.27
55.5625,0.21
55.57291667,0.16
55.58333333,0.26
55.59375,0.27
55.60416667,0.24
55.61458333,0.22
55.625,0.27
55.63541667,0.25
55.64583333,0.19
55.65625,0.13
55.66666667,0.11
55.67708333,0.11
55.6875,0.23
55.69791667,0.27
55.70833333,0.29
55.71875,0.29
55.72916667,0.29
55.73958333,0.32
55.75,0.39
55.76041667,0.45
55.77083333,0.5
55.78125,0.48
55.79166667,0.45
55.80208333,0.4
55.8125,0.35
55.82291667,0.57
55.83333333,0.49
55.84375,0.43
55.85416667,0.41
55.86458333,0.4
55.875,0.4
55.88541667,0.4
55.89583333,0.43
55.90625,0.43
55.91666667,0.41
55.92708333,0.41
55.9375,0.4
55.94791667,0.4
55.95833333,0.43
55.96875,0.44
55.97916667,0.4
55.98958333,0.39
56,0.35
56.01041667,0.34
56.02083333,0.33
56.03125,0.32
56.04166667,0.29
56.05208333,0.28
56.0625,0.27
56.07291667,0.26
56.08333333,0.25
56.09375,0.32
56.10416667,0.3
56.11458333,0.24
56.125,0.2
56.13541667,0.18
56.14583333,0.16
56.15625,0.12
56.16666667,0.09
56.17708333,0.07
56.1875,0.04
56.19791667,0.02
56.20833333,0.01
56.21875,0
56.22916667,0
56.23958333,0
56.25,0
56.26041667,0
56.27083333,0
56.28125,0
56.29166667,0
56.30208333,0
56.3125,0
56.32291667,0
56.33333333,0
56.34375,0
56.35416667,0
56.36458333,0
56.375,0
56.38541667,0
56.39583333,0
56.40625,0
56.41666667,0
56.42708333,0
56.4375,0
56.44791667,0
56.45833333,0
56.46875,0
56.47916667,0
56.48958333,0
56.5,0
56.51041667,0
56.52083333,0
56.53125,0
56.54166667,0
56.55208333,0
56.5625,0
56.57291667,0
56.58333333,0.11
56.59375,0.18
56.60416667,0.15
56.61458333,0.13
56.625,0.12
56.63541667,0.12
56.64583333,0.15
56.65625,0.2
56.66666667,0.25
56.67708333,0.27
56.6875,0.25
56.69791667,0.32
56.70833333,0.34
56.71875,0.31
56.72916667,0.29
56.73958333,0.28
56.75,0.26
56.76041667,0.25
56.77083333,0.25
56.78125,0.24
56.79166667,0.22
56.80208333,0.21
56.8125,0.22
56.82291667,0.32
56.83333333,0.31
56.84375,0.3
56.85416667,0.3
56.86458333,0.3
56.875,0.3
56.88541667,0.3
56.89583333,0.29
56.90625,0.27
56.91666667,0.26
56.92708333,0.26
56.9375,0.26
56.94791667,0.31
56.95833333,0.3
56.96875,0.28
56.97916667,0.27
56.98958333,0.25
57,0.23
